taxonomic_path	common_name	% samples positive in project
Chromista;Bacillariophyta;Bacillariophyceae;Bacillariales;Bacillariaceae;Pseudo-nitzschia;Pseudo-nitzschia delicatissima	Diatoms	20.33
Chromista;Bacillariophyta;Coscinodiscophyceae;Coscinodiscales;Coscinodiscaceae;Coscinodiscus;Coscinodiscus wailesii	Diatom	18.7
Animalia;Arthropoda;Insecta;Diptera;Culicidae;Culex;Culex bahamensis	""	1.63
Animalia;Cnidaria;Hydrozoa;Leptothecata;Campanulariidae;Clytia	Hydralike animals	21.95
Chromista;NA;Dinophyceae;Peridiniales;Pfiesteriaceae;NA;Pfiesteriaceae sp. CCMP1970	Dinoflagellates	39.02
Chromista;NA;Dinophyceae;Prorocentrales;Prorocentraceae;Prorocentrum;Prorocentrum sp. ES18-118	Dinoflagellates	11.38
Animalia;Nemertea;Anopla;Heteronemertea;Lineidae;Maculaura;Maculaura alaskensis	Proboscis worms	3.25
Animalia;Mollusca;Bivalvia;Veneroida;Veneridae;Compsomyax;Compsomyax subdiaphana	Milky venus	15.45
Animalia;Bryozoa;Gymnolaemata;Cheilostomatida;Membraniporidae;Membranipora;Membranipora membranacea	Lacy crust bryozoan	17.89
Animalia;Cnidaria;Hydrozoa;Leptothecata	Hydralike animals	17.89
Animalia;Mollusca;Gastropoda;NA;Scaphandridae;Scaphander	""	0.81
Chromista;Phaeophyceae;NA;Ralfsiales;Mesosporaceae;Mesospora	""	0.81
Animalia;Chordata	Chordates	12.2
Chromista;NA;Dinophyceae;Peridiniales;Pfiesteriaceae	Dinoflagellates	86.18
Chromista;Bacillariophyta;Coscinodiscophyceae;Chaetocerotales;Chaetocerotaceae;Chaetoceros	Diatoms	24.39
Bacteria;Bacteroidetes;Flavobacteriia;Flavobacteriales;Flavobacteriaceae;Polaribacter;Polaribacter sp. Hel1_33_78	Bacteria	19.51
Animalia;Echinodermata;Holothuroidea;Dendrochirotida;Cucumariidae;Cucumaria;Cucumaria miniata	Orange sea cucumber	8.94
Fungi;Ascomycota;Dothideomycetes;Capnodiales;Cladosporiaceae;Cladosporium	""	21.95
Plantae;NA;Florideophyceae;Gigartinales;Gigartinaceae;Chondracanthus	Plants	8.94
Chromista;NA;Dinophyceae;Gonyaulacales	Dinoflagellates	78.86
Chromista;NA;Dinophyceae;Gymnodiniales;Gymnodiniaceae;Gymnodinium;Gymnodinium impudicum	Dinoflagellates	8.13
Bacteria;Bacteroidetes;Flavobacteriia;Flavobacteriales;Flavobacteriaceae;Dokdonia;Dokdonia sp. 4H-3-7-5	""	4.07
Animalia;Porifera;Demospongiae;Clionaida;Clionaidae;Cliona;Cliona chilensis	Boring sponges	17.07
Animalia;Arthropoda;Insecta;Blattodea	""	1.63
Chromista;Bacillariophyta	Diatoms	54.47
Chromista;NA;Dinophyceae	Dinoflagellates	99.19
Animalia;Arthropoda;Insecta;Lepidoptera	Butterflies	20.33
Animalia;Arthropoda;Maxillopoda;Calanoida;Acartiidae;Acartia	Calanoid Copepods	7.32
Eukaryota	""	99.19
Animalia;Arthropoda;Maxillopoda;Calanoida;Paracalanidae;Paracalanus;Paracalanus parvus	Calanoid Copepods	15.45
Animalia;Cnidaria;Hydrozoa;Anthoathecata;Bougainvilliidae	Hydralike animals	8.94
Animalia;Arthropoda;Maxillopoda;Calanoida;Clausocalanidae;Pseudocalanus;Pseudocalanus newmani	Calanoid Copepods	32.52
Chromista;NA;Dinophyceae;Prorocentrales;Prorocentraceae;Prorocentrum	Dinoflagellates	43.9
Animalia;Cnidaria;Hydrozoa;Anthoathecata;Bougainvilliidae;Bougainvillia;Bougainvillia muscus	""	1.63
Animalia;Arthropoda;Insecta;Hemiptera;Miridae	""	3.25
Animalia;Arthropoda;Arachnida;Araneae;Nemesiidae;Calisoga	""	3.25
Chromista;NA;Katablepharidophyta;NA;Katablepharidaceae;Leucocryptos;Leucocryptos marina	Chromists	16.26
Animalia;Arthropoda;Insecta	Insect	5.69
Animalia;Annelida;Polychaeta;Phyllodocida;Polynoidae;Arctonoe;Arctonoe pulchra	""	0.81
Animalia;Arthropoda;Maxillopoda;Calanoida;Acartiidae;Acartia;Acartia californiensis	Calanoid Copepods	19.51
Animalia;Chordata;Mammalia;Primates;Hominidae;Homo;Homo sapiens	""	73.17
Fungi;Basidiomycota;Agaricomycetes	Basidio's	3.25
Animalia;Mollusca;Bivalvia;Myoida;Hiatellidae;Panopea;Panopea generosa	Pacific geoduck	7.32
Chromista;Bacillariophyta;Coscinodiscophyceae;Chaetocerotales;Chaetocerotaceae;Chaetoceros;Chaetoceros sp. 19 LG-2014	Diatoms	13.82
Animalia;Echinodermata;Echinoidea;Clypeasteroida;Dendrasteridae;Dendraster;Dendraster excentricus	Eccentric sand dollar sea urchin	5.69
Plantae;NA;Florideophyceae;Gigartinales;Solieriaceae;Sarcodiotheca	Plants	10.57
Chromista;NA;Dinophyceae;Gymnodiniales;Kareniaceae;Karlodinium;Karlodinium sp. RS-24	Dinoflagellates	26.83
Chromista;Bacillariophyta;Coscinodiscophyceae;Thalassiosirales	Diatoms	47.15
Chromista;NA;NA;Phaeocystales;Phaeocystaceae;Phaeocystis;Phaeocystis globosa	Chromists	26.02
Chromista;NA;Dinophyceae;Suessiales;Symbiodiniaceae;Symbiodinium	Dinoflagellates	43.09
Plantae;Chlorophyta;Mamiellophyceae;Mamiellales;Mamiellaceae;Micromonas;Micromonas pusilla	Green algae	55.28
Chromista;NA;Dinophyceae;Peridiniales;NA;NA;Peridiniales sp. B10-2a-Uclulet	""	2.44
Bacteria;Proteobacteria;Gammaproteobacteria;Vibrionales;Vibrionaceae;Photobacterium;Photobacterium profundum	""	4.88
Animalia;Arthropoda;Insecta;Hemiptera;Miridae;Chlamydatus	""	0.81
Animalia;Arthropoda;Insecta;Hymenoptera;Formicidae;Linepithema;Linepithema humile	Argentine ant	8.94
Animalia;Porifera;Demospongiae;Suberitida;Halichondriidae;Halichondria;Halichondria panicea	Bread-crumb sponge	8.94
Plantae;NA;Florideophyceae;Ceramiales;Delesseriaceae;Polyneura;Polyneura latissima	Plants	12.2
Animalia;Arthropoda;Insecta;Hemiptera	Hemipterans	8.13
Chromista;NA;Dinophyceae;Peridiniales;Protoperidiniaceae;Protoperidinium;Protoperidinium cf. depressum	Dinoflagellates	91.06
Animalia;Arthropoda;Insecta;Diptera;Chironomidae;NA;Chironomidae sp. BOLD-2016	""	0.81
Animalia;Echinodermata;Ophiuroidea;Ophiurida	""	0.81
Animalia;Annelida;Polychaeta;Phyllodocida;Glyceridae;Glycera;Glycera sp. CMC03	Bloodworms	6.5
Plantae;Chlorophyta;Mamiellophyceae;Mamiellales;Bathycoccaceae;Bathycoccus;Bathycoccus prasinos	Green algae	39.84
Animalia;Cnidaria;Hydrozoa;Leptothecata;Campanulariidae;Orthopyxis;Orthopyxis integra	Hydralike animals	5.69
Chromista;Bacillariophyta;Bacillariophyceae	Diatoms	18.7
Animalia;Chordata;Mammalia;Primates;Hominidae	""	19.51
Fungi;Ascomycota;NA;NA;NA;Tetracladium	Asco's	4.07
Animalia;Annelida;Polychaeta;Phyllodocida;Hesionidae;Micropodarke;Micropodarke dubia	Scale Worm	11.38
Chromista;NA;Dinophyceae;Syndiniales;Syndiniaceae;Hematodinium;Hematodinium sp.	Dinoflagellates	19.51
Chromista;NA;Dinophyceae;Peridiniales;Pfiesteriaceae;NA;Pfiesteriaceae sp. CCMP1881	Dinoflagellates	18.7
Animalia;Arthropoda;Maxillopoda;Calanoida;Paracalanidae;Paracalanus;Paracalanus sp. C AC-2013	Calanoid Copepods	30.89
Fungi;Basidiomycota;Agaricomycetes;Boletales;Boletaceae;Boletus	Porcini And Allies	0.81
Chromista;Bacillariophyta;Bacillariophyceae;Bacillariales;Bacillariaceae;Nitzschia	Diatoms	9.76
Chromista;NA;Dinophyceae;Suessiales;Symbiodiniaceae;Symbiodinium;Symbiodinium sp. CS-158	Dinoflagellates	21.95
Chromista;Bacillariophyta;Coscinodiscophyceae;Thalassiosirales;Thalassiosiraceae;Thalassiosira;Thalassiosira nordenskioeldii	Diatoms	31.71
Animalia;Arthropoda;Arachnida;Oribatida	""	0.81
Animalia;Arthropoda;Insecta;Coleoptera	""	4.88
Bacteria;Proteobacteria;Alphaproteobacteria;Pelagibacterales;Pelagibacteraceae;NA;alpha proteobacterium HIMB59	Α-proteobacteria	8.94
Chromista;NA;Dinophyceae;Pyrocystales;Pyrocystaceae;Pyrocystis	Dinoflagellates	7.32
Plantae;NA;Florideophyceae;Ceramiales;Ceramiaceae;Pleonosporium;Pleonosporium squarrosum	Plants	1.63
Chromista;NA;Dictyochophyceae;Florenciellales;NA;Pseudochattonella	Chromists	12.2
Animalia;Annelida;Polychaeta;Capitellida;Capitellidae;Barantolla;Barantolla americana CMC01	Capitellid worms	2.44
Chromista;NA;Dinophyceae;Peridiniales;Heterocapsaceae;Heterocapsa;Heterocapsa triquetra	Dinoflagellates	36.59
Animalia;Annelida;Polychaeta;Phyllodocida;Nereididae;Platynereis;Platynereis sp. CMC02	Nereids	4.07
Chromista;NA;Dinophyceae;Peridiniales;Peridiniaceae;Peridinium;Peridinium willei	Dinoflagellates	3.25
Chromista;NA;Dinophyceae;Peridiniales;Peridiniaceae;Peridinium;Peridinium sp. ES18-126	""	1.63
Fungi;Ascomycota;Eurotiomycetes;Eurotiales	Asco's	7.32
Animalia;Arthropoda;Insecta;Lepidoptera;Gracillariidae;Parornix	""	0.81
Animalia;Cnidaria;Hydrozoa;Siphonophorae;Diphyidae;Muggiaea;Muggiaea atlantica	Siphonophores	9.76
Animalia;Cnidaria;Hydrozoa;Anthoathecata;Corynidae;Coryne;Coryne eximia	Flowerhead polyps	5.69
Animalia;Annelida;Polychaeta;Sabellida;Sabellidae;Eudistylia;Eudistylia vancouveri	Fanworms	1.63
Fungi;Ascomycota;Dothideomycetes;Pleosporales	Asco's	4.88
Fungi;Ascomycota;Dothideomycetes;Capnodiales	""	7.32
Animalia;Echinodermata	""	3.25
Animalia;Chordata;Actinopteri;NA;Embiotocidae	""	0.81
Animalia;Arthropoda;Maxillopoda;Sessilia;Balanidae;Balanus	Barnacle	4.07
Chromista;NA;NA;Isochrysidales;Noelaerhabdaceae;Emiliania;Emiliania huxleyi	Chromists	31.71
Animalia;Arthropoda;Maxillopoda;Sessilia	Arthropod	22.76
Chromista;NA;Dictyochophyceae;Dictyochales;NA;Dictyocha;Dictyocha speculum	Brown algae	16.26
Fungi;Basidiomycota;Pucciniomycetes;Pucciniales;Melampsoraceae;Melampsora	""	0.81
Plantae;NA;Florideophyceae;Gigartinales;Gigartinaceae;Chondracanthus;Chondracanthus exasperatus	Plants	17.07
Protozoa;NA;NA;NA;Paramoebidae	Protozoans	13.82
Chromista;Phaeophyceae;NA;Ectocarpales;Chordariaceae	Chromists	14.63
Plantae;NA;Florideophyceae;Ceramiales;Delesseriaceae;Phycodrys;Phycodrys isabelliae	""	1.63
Plantae;NA;Florideophyceae;Gigartinales;Gigartinaceae;Chondracanthus;Chondracanthus corymbiferus	Plants	4.07
Animalia;Chordata;Actinopteri;Blenniiformes;Blenniidae;Blenniella	""	0.81
Animalia;Cnidaria;Hydrozoa;Leptothecata;Campanulariidae	Hydralike animals	18.7
Plantae;NA;Bangiophyceae;Bangiales;Bangiaceae;Wildemania;Wildemania sp. 5POR	Plants	0.81
Chromista;NA;Dinophyceae;Peridiniales;Ostreopsidaceae	Dinoflagellates	3.25
Animalia;Chordata;Chondrichthyes;Squaliformes;Squalidae;Squalus	Spiny dogfish	4.07
Animalia;Nemertea;Anopla;Heteronemertea	""	0.81
Plantae;Chlorophyta;NA;NA;Pycnococcaceae	Green algae	47.97
Chromista;Bacillariophyta;Bacillariophyceae;Bacillariales;Bacillariaceae	Diatoms	30.08
Animalia;Echinodermata;Holothuroidea;Dendrochirotida;Psolidae;Psolus;Psolus chitonoides	Armoured sea cucumber	1.63
Chromista;Bacillariophyta;Mediophyceae;Cymatosirales;Cymatosiraceae;Minutocellus;Minutocellus polymorphus	Diatoms	51.22
Chromista;NA;Dinophyceae;Suessiales;Suessiaceae;Polarella;Polarella glacialis	Dinoflagellates	6.5
Animalia;Arthropoda;Maxillopoda;Calanoida;Clausocalanidae;Pseudocalanus	Calanoid Copepods	8.13
Animalia;Annelida;Polychaeta;Phyllodocida;Goniadidae;Glycinde;Glycinde armigera	Scale Worm	1.63
Animalia;Mollusca;Gastropoda;NA;Columbellidae	""	0.81
Animalia;Chordata;Actinopteri;Perciformes;Cottidae;Leptocottus;Leptocottus armatus	Pacific staghorn sculpin	0.81
Chromista;NA;NA;Phaeocystales;Phaeocystaceae;Phaeocystis	Chromists	25.2
Fungi;Ascomycota;Eurotiomycetes;Eurotiales;Aspergillaceae;Penicillium	Blue Mould Rot	8.13
Chromista;NA;Dinophyceae;Lophodiniales;Lophodiniaceae;Woloszynskia;Woloszynskia sp. ES1-2	Dinoflagellates	4.07
Chromista;Bacillariophyta;Fragilariophyceae	Diatoms	10.57
Chromista;Bacillariophyta;Bacillariophyceae;Bacillariales;Bacillariaceae;Cylindrotheca;Cylindrotheca closterium	Diatoms	7.32
Plantae;NA;Florideophyceae;Corallinales;Corallinaceae;Neogoniolithon	""	1.63
Animalia;Cnidaria;Hydrozoa;Siphonophorae	""	1.63
Animalia;Arthropoda;Arachnida;Trombidiformes;Tetranychidae	""	0.81
Plantae;NA;Florideophyceae;Colaconematales;Colaconemataceae;Colaconema	""	4.07
Chromista;NA;Dinophyceae;Prorocentrales;Prorocentraceae;Prorocentrum;Prorocentrum sp. S4-17	""	4.07
Chromista;NA;Oomycetes;Pythiales;Pythiaceae;Pythium;Pythium sp. AL-2010	Chromists	1.63
Animalia;Cnidaria;Hydrozoa;Leptothecata;Campanulariidae;Campanularia;Campanularia volubilis	""	0.81
Chromista;Bacillariophyta;Coscinodiscophyceae;Melosirales;Hyalodiscaceae;Podosira;Podosira stelligera	Diatoms	4.88
Animalia;Arthropoda;Malacostraca;Decapoda;Varunidae;Pseudograpsus;Pseudograpsus albus	""	4.07
Chromista;Bacillariophyta;Mediophyceae;Lithodesmiales;Lithodesmiaceae;Ditylum;Ditylum brightwellii	Diatoms	54.47
Animalia;Annelida;Polychaeta;Terebellida;Terebellidae;Thelepus;Thelepus crispus	Spaghetti Worms	1.63
Chromista;NA;Dinophyceae;Peridiniales;Heterocapsaceae;Heterocapsa;Heterocapsa rotundata	Dinoflagellates	30.08
Animalia;Chaetognatha;Sagittoidea;Aphragmophora;Sagittidae	Arrow worms	0.81
Chromista;NA;Dinophyceae;Lophodiniales;Lophodiniaceae;Woloszynskia	Dinoflagellates	20.33
Animalia;Arthropoda;Malacostraca;Amphipoda;Phoxocephalidae	""	4.07
Animalia;Chordata;Mammalia;NA;Suidae;Sus;Sus scrofa	Wild Boar/Pig	8.13
Animalia;Chordata;NA;Squamata	""	2.44
Chromista;NA;Oomycetes;Pythiales;Pythiaceae;Pythium	Chromists	5.69
Plantae;NA;Bangiophyceae;Bangiales;Bangiaceae;Pyropia;Pyropia perforata	""	2.44
Chromista;Bacillariophyta;Coscinodiscophyceae;Chaetocerotales;Chaetocerotaceae;Chaetoceros;Chaetoceros socialis	Diatoms	39.02
Animalia;Cnidaria;Hydrozoa	Hydralike animals	29.27
Animalia;Arthropoda;Arachnida;Araneae	""	7.32
Animalia;Mollusca;Bivalvia;Veneroida;Veneridae;Saxidomus;Saxidomus gigantea	Washington butterclam	13.82
Animalia;Mollusca;Gastropoda;NA;Muricidae;Drupa	""	0.81
Animalia;Arthropoda;Insecta;Diptera	Gnats	12.2
Animalia;Cnidaria;Anthozoa;Actiniaria;Metridiidae;Metridium;Metridium senile	Brown sea anemone	6.5
Animalia;Annelida;Polychaeta;Spionida;Spionidae;Laonice;Laonice cirrata CMC01	Spionid worms	5.69
Animalia;Mollusca;Bivalvia;Veneroida;Veneridae;Nutricola;Nutricola tantilla	Purple dwarf-venus	10.57
Animalia;Arthropoda;Maxillopoda;Sessilia;Balanidae;Amphibalanus;Amphibalanus sp. AFG-2015	Arthropod	1.63
Plantae;NA;Florideophyceae;Gigartinales;Kallymeniaceae;Salishia;Salishia sanguinea	Plants	3.25
Fungi;Basidiomycota;Agaricomycetes;Agaricales	Agarics	4.88
Animalia;Mollusca;Gastropoda	Gastropods	26.02
Chromista;NA;NA;Isochrysidales;Noelaerhabdaceae	Chromists	21.14
Chromista;Bacillariophyta;Bacillariophyceae;Bacillariales;Bacillariaceae;Pseudo-nitzschia;Pseudo-nitzschia lundholmiae	""	2.44
Animalia;Arthropoda;Arachnida;Astigmata	""	0.81
Animalia;Chordata;Ascidiacea;Stolidobranchia	""	1.63
Chromista;NA;Dinophyceae;Peridiniales;Thoracosphaeraceae;Scrippsiella;Scrippsiella precaria	Dinoflagellates	8.13
Plantae;Chlorophyta	Green algae	19.51
Animalia;Annelida;Polychaeta;Terebellida;Terebellidae;Pista;Pista wui	""	1.63
Plantae;NA;Florideophyceae;Gigartinales;Gigartinaceae;Mazzaella;Mazzaella californica	Plants	1.63
Plantae;NA;Florideophyceae;Ceramiales;Delesseriaceae	Plants	3.25
Animalia;Arthropoda;Maxillopoda;Cyclopoida;Cyclopidae	""	0.81
Animalia;Arthropoda;Insecta;Hemiptera;Aleyrodidae;Paraleyrodes;Paraleyrodes bondari	""	0.81
Fungi;Ascomycota;Dothideomycetes;Capnodiales;Cladosporiaceae;Cladosporium;Cladosporium tenuissimum	""	1.63
Animalia;Cnidaria;Hydrozoa;Anthoathecata;Proboscidactylidae;Proboscidactyla;Proboscidactyla flavicirrata	Hydroid	10.57
Animalia;Mollusca;Gastropoda;NA;Planorbidae;Bulinus;Bulinus umbilicatus	""	0.81
Chromista;NA;Dinophyceae;Gonyaulacales;Gonyaulacaceae;Alexandrium	Dinoflagellates	6.5
Chromista;NA;Dinophyceae;Gymnodiniales;Gymnodiniaceae;Akashiwo	""	2.44
Animalia;Cnidaria;Hydrozoa;Leptothecata;Campanulariidae;Obelia	Bushy wineglass hydroids	8.13
Chromista;NA;Oomycetes;Saprolegniales;Saprolegniaceae	Chromists	8.13
Animalia;Cnidaria;Hydrozoa;Anthoathecata;Stylasteridae;Stylaster;Stylaster californicus	""	0.81
Animalia;Cnidaria;Anthozoa;Pennatulacea;Virgulariidae;Acanthoptilum;Acanthoptilum gracile	Frail sea pen	6.5
Animalia;Arthropoda	Arthropod	12.2
Fungi;Ascomycota;Sordariomycetes;Hypocreales;Hypocreaceae;Trichoderma	Pyrenomycete	2.44
Chromista;Eustigmatophyceae;NA;Eustigmatales;Monodopsidaceae;Nannochloropsis	""	1.63
Animalia;Arthropoda;Insecta;Orthoptera;Acrididae	""	1.63
Animalia;Arthropoda;Maxillopoda;Calanoida;Calanidae;Calanus;Calanus pacificus	Calanoid Copepods	9.76
Animalia;Arthropoda;Insecta;Diptera;Chironomidae	""	2.44
Chromista;Bacillariophyta;Fragilariophyceae;Thalassionemales;Thalassionemataceae;Thalassionema;Thalassionema nitzschioides	Diatoms	30.89
Chromista;Eustigmatophyceae;NA;Eustigmatales;Eustigmataceae	Chromists	0.81
Bacteria;Proteobacteria;Alphaproteobacteria;Pelagibacterales;Pelagibacteraceae;Candidatus Pelagibacter	Α-proteobacteria	17.07
Chromista;Bacillariophyta;Bacillariophyceae;Bacillariales;Bacillariaceae;Nitzschia;Nitzschia inconspicua	Diatoms	18.7
Animalia;Cnidaria;Anthozoa;Actiniaria	""	1.63
Animalia;Arthropoda;Insecta;Diptera;Drosophilidae;Stegana	Fruit Fly	6.5
Animalia;Nemertea;Anopla;Heteronemertea;Lineidae;Micrura;Micrura sp. albocephala	""	1.63
Plantae;NA;Florideophyceae;Gigartinales;Kallymeniaceae;Callophyllis	""	3.25
Fungi;Ascomycota	""	27.64
Chromista;NA;Dinophyceae;Prorocentrales;Prorocentraceae;Prorocentrum;Prorocentrum triestinum	Dinoflagellates	4.07
Animalia;Annelida;Polychaeta;Capitellida;Maldanidae;Nicomache;Nicomache personata	""	0.81
Animalia;Arthropoda;Insecta;Diptera;Mycetophilidae;NA;Mycetophilidae sp. BOLD-2016	Fungus Gnat	0.81
Plantae;NA;Florideophyceae;Ceramiales;Ceramiaceae;Pterothamnion	Plants	8.94
Animalia;Arthropoda;Insecta;Coleoptera;Cerambycidae	""	0.81
Animalia;Annelida;Polychaeta;Eunicida;Onuphidae;Diopatra;Diopatra cf. ornata JZ-2010	Beachworms	19.51
Animalia;Arthropoda;Insecta;Thysanoptera;Phlaeothripidae;Haplothrips;Haplothrips tenuipennis	Thrips	3.25
Animalia;Annelida;Polychaeta;Terebellida;Ampharetidae	Paddle-footed annelids	2.44
Animalia;Rotifera;Monogononta;Ploima	Rotifers	9.76
NA;NA;Oomycetes	""	21.95
Animalia;Arthropoda;Arachnida;Scorpiones	""	0.81
Animalia;Mollusca;Gastropoda;NA;Lepetidae;Limalepeta;Limalepeta lima	Blind limpets	1.63
Chromista;NA;Dinophyceae;Peridiniales;Oxytoxaceae;Thecadinium;Thecadinium sp. NEPCC 682	""	1.63
Plantae;NA;Compsopogonophyceae;Erythropeltidales;Erythropeltidaceae;Smithora;Smithora naiadum	Plants	8.13
Animalia;Porifera;Demospongiae;Dendroceratida;Halisarcidae;Halisarca	Demosponge	0.81
Animalia;Mollusca;Bivalvia;Nuculoida;Nuculidae;Acila;Acila castrensis	Divaricate nutclam	13.82
Plantae;Chlorophyta;Nephroselmidophyceae;NA;NA;Nephroselmis;Nephroselmis pyriformis	""	0.81
Chromista;Phaeophyceae;NA;Fucales;Fucaceae;Fucus;Fucus distichus	""	1.63
Animalia;Arthropoda;Insecta;Diptera;Tabanidae	""	0.81
Animalia;Porifera;Homoscleromorpha;Homosclerophorida;Plakinidae	""	6.5
Chromista;NA;Oomycetes;Peronosporales	""	0.81
Plantae;NA;Florideophyceae	Plants	24.39
Animalia;Mollusca;Gastropoda;NA;Fasciolariidae;Peristernia	""	0.81
Animalia;Chordata;Chondrichthyes;Chimaeriformes;Chimaeridae;Hydrolagus;Hydrolagus colliei	White-spotted Ratfish	5.69
Chromista;NA;Dinophyceae;Peridiniales;Pfiesteriaceae;NA;Pfiesteriaceae sp. CCMP1879	Dinoflagellates	13.01
Animalia;Mollusca;Bivalvia	Bivalves	8.94
Plantae;NA;Florideophyceae;Gracilariales;Gracilariaceae;Gracilaria;Gracilaria pacifica	""	1.63
Chromista;Bacillariophyta;Bacillariophyceae;Naviculales	Diatoms	13.01
Chromista;NA;Raphidophyceae;Chattonellales;Chattonellaceae;Heterosigma;Heterosigma akashiwo	Brown algae	17.89
Animalia;Arthropoda;Arachnida;Trombidiformes	""	4.88
Animalia;Arthropoda;Insecta;Hemiptera;Miridae;NA;Miridae sp. BOLD-2016	""	0.81
Animalia;Annelida;Polychaeta;Phyllodocida;Nereididae;Platynereis;Platynereis bicanaliculata	Nereids	0.81
Plantae;NA;Florideophyceae;Gigartinales;Kallymeniaceae;Callophyllis;Callophyllis flabellulata	Plants	4.88
Animalia;Annelida;Polychaeta	Paddle-footed annelids	4.88
Animalia;Mollusca;Gastropoda;NA;Lottiidae;Lottia;Lottia paradigitalis	Tortoiseshell limpets	4.07
Animalia;Arthropoda;Insecta;Hymenoptera;Vespidae;Vespa;Vespa velutina	""	0.81
Animalia;Annelida;Polychaeta;Sabellida;Sabellidae;Chone;Chone magna CMC02	Fanworms	2.44
Fungi;Ascomycota;Eurotiomycetes;Eurotiales;Aspergillaceae;Aspergillus	""	4.07
Chromista;NA;Dinophyceae;Gymnodiniales;Gymnodiniaceae;Gymnodinium;Gymnodinium catenatum	Dinoflagellates	6.5
Animalia;Arthropoda;Maxillopoda;Calanoida	Calanoid Copepods	17.07
Animalia;Rotifera;Monogononta	Rotifers	6.5
Chromista;Bacillariophyta;Mediophyceae;Hemiaulales;Hemiaulaceae;Eucampia;Eucampia zodiacus	Diatoms	6.5
Chromista;NA;Dictyochophyceae;Florenciellales;NA;Pseudochattonella;Pseudochattonella verruculosa	Brown algae	18.7
Fungi;Ascomycota;Eurotiomycetes;Eurotiales;Aspergillaceae;Penicillium;Penicillium rubens	""	0.81
Animalia;Mollusca;Gastropoda;NA;Lacunidae;Lacuna;Lacuna vincta	""	0.81
Animalia;Cnidaria;Scyphozoa;Semaeostomeae;Ulmaridae;Aurelia;Aurelia labiata	Pacific moon jelly	3.25
Animalia;Arthropoda;Arachnida;Araneae;Linyphiidae	""	3.25
Chromista;Bacillariophyta;Coscinodiscophyceae;Thalassiosirales;Skeletonemataceae;Skeletonema	Diatoms	29.27
Animalia;Chordata;Mammalia;Carnivora;Canidae;Canis;Canis lupus	""	1.63
Fungi;Ascomycota;Sordariomycetes	Pyrenomycete	3.25
Animalia;Annelida;Polychaeta;Terebellida;Terebellidae;Polycirrus;Polycirrus sp. CMC05	Annelids	1.63
Animalia;Mollusca;Gastropoda;NA;Olividae;Agaronia	""	1.63
Animalia;Chordata;Mammalia;Carnivora;Felidae;Felis	Cat	0.81
Animalia;Arthropoda;Insecta;Hymenoptera;Braconidae;Biroia;Biroia fuscicornis	""	0.81
Animalia;Arthropoda;Arachnida;Araneae;Idiopidae	""	0.81
Fungi;Ascomycota;Leotiomycetes	Asco's	3.25
Animalia;Chordata;Mammalia;NA;Suidae;Sus	Palawan Bearded Pig	8.13
Animalia;Chordata;Actinopteri;Perciformes;Hexagrammidae;Hexagrammos;Hexagrammos decagrammus	""	1.63
Animalia;Cnidaria;Scyphozoa;Semaeostomeae;Pelagiidae;Pelagia	""	1.63
Plantae;NA;Florideophyceae;Ceramiales;Ceramiaceae	""	0.81
Animalia;Mollusca;Gastropoda;NA;Cyclophoridae;Cyclophorus;Cyclophorus rangunensis	""	4.88
Animalia;Chordata;Ascidiacea;Stolidobranchia;Styelidae;Styela;Styela gibbsii	Ascidians	5.69
Chromista;NA;Oomycetes;Peronosporales;NA;Phytophthora	Downy Mildew	4.88
Animalia;Echinodermata;Echinoidea;Echinoida;Strongylocentrotidae;Strongylocentrotus;Strongylocentrotus droebachiensis	Nothern sea urchin	8.13
Animalia;Arthropoda;Malacostraca;Decapoda	Crabs	5.69
Plantae;NA;Florideophyceae;Acrochaetiales;Acrochaetiaceae	Plants	2.44
Animalia;Chordata;Actinopteri;Syngnathiformes;Callionymidae;Synchiropus;Synchiropus papilio	""	2.44
Animalia;Arthropoda;Insecta;Ephemeroptera;Leptohyphidae;Haplohyphes	""	4.88
Fungi;Ascomycota;Sordariomycetes;Hypocreales	""	8.13
Chromista;Eustigmatophyceae;NA;Goniochloridales;NA;Trachydiscus;Trachydiscus minutus	Chromists	2.44
NA;Phaeophyceae	""	11.38
Animalia;Arthropoda;Chilopoda;Scolopendromorpha;Scolopendridae	""	0.81
Animalia;Arthropoda;Pycnogonida	""	0.81
Chromista;Bacillariophyta;Coscinodiscophyceae;Chaetocerotales;Attheyaceae;Attheya;Attheya longicornis	Diatoms	24.39
Animalia;Arthropoda;Maxillopoda;Calanoida;Paracalanidae;Paracalanus	Calanoid Copepods	11.38
Plantae;NA;Florideophyceae;Gigartinales;Peyssonneliaceae;Peyssonnelia;Peyssonnelia sp. 10BC	""	0.81
Fungi;Ascomycota;Sordariomycetes;Hypocreales;Nectriaceae;Fusarium;Fusarium circinatum	""	0.81
Animalia;Echinodermata;Holothuroidea;Apodida;Synaptidae;Leptosynapta;Leptosynapta clarki	""	2.44
Animalia;Arthropoda;Insecta;Hemiptera;Reduviidae;Euagoras	""	0.81
Plantae;NA;Florideophyceae;Gigartinales;Kallymeniaceae;Austrokallymenia;Austrokallymenia rosea	""	4.07
Animalia;Cnidaria;Scyphozoa;Semaeostomeae;Ulmaridae;Phacellophora;Phacellophora camtschatica	Fried-egg jellyfish	6.5
Animalia;Bryozoa;Gymnolaemata;Cheilostomatida;Membraniporidae;Membranipora	Marine bryozoans	8.13
Animalia;Annelida;Polychaeta;Terebellida;Terebellidae;Eupolymnia;Eupolymnia heterobranchia	""	2.44
Animalia;Annelida;Polychaeta;Phyllodocida;Pholoidae;Pholoe;Pholoe sp. CMC02	""	0.81
Chromista;NA;Dinophyceae;Gymnodiniales;Gymnodiniaceae	Dinoflagellates	8.94
Animalia;Arthropoda;Insecta;Hymenoptera	Ant, Bee, Wasp, Sawfly	8.13
Animalia;Annelida;Polychaeta;Phyllodocida;Glyceridae;Glycera;Glycera capitata	""	1.63
Fungi;Ascomycota;Sordariomycetes;Hypocreales;Nectriaceae;Fusarium;Fusarium sacchari	""	0.81
Animalia;Cnidaria;Hydrozoa;NA;NA;NA;Hydrozoa sp. prey of Macellomenia sp. KMK-2014	Hydralike animals	3.25
Fungi;Ascomycota;Leotiomycetes;Helotiales	""	1.63
Animalia;Bryozoa;Gymnolaemata;Ctenostomatida;Vesiculariidae;Amathia;Amathia imbricata	""	0.81
Animalia;Rotifera;Monogononta;Ploima;Brachionidae;Brachionus	Rotifers	4.07
Animalia;Chordata;Actinopteri;Clupeiformes;Clupeidae	Hering	8.13
Plantae;NA;Florideophyceae;Ceramiales;Delesseriaceae;Phycodrys	Plants	5.69
Animalia;Arthropoda;Maxillopoda;Calanoida;Tortanidae;Tortanus	Calanoid Copepods	5.69
Chromista;NA;Oomycetes;Saprolegniales;Saprolegniaceae;Saprolegnia	""	0.81
Plantae;NA;Florideophyceae;Ceramiales	Plants	6.5
Chromista;NA;Dinophyceae;Peridiniales;Thoracosphaeraceae;Scrippsiella;Scrippsiella sweeneyae	Dinoflagellates	17.07
Animalia;Arthropoda;Insecta;Lepidoptera;Noctuidae	""	1.63
Chromista;Bacillariophyta;Bacillariophyceae;Bacillariales;Bacillariaceae;Pseudo-nitzschia;Pseudo-nitzschia hasleana	Diatoms	9.76
Chromista;NA;Dinophyceae;Gymnodiniales;Gymnodiniaceae;Nusuttodinium;Nusuttodinium aeruginosum	Dinoflagellates	8.94
Chromista;NA;Dinophyceae;Prorocentrales;Prorocentraceae;Prorocentrum;Prorocentrum micans	Dinoflagellates	19.51
Animalia;Arthropoda;Insecta;Trichoptera;Hydroptilidae	""	1.63
Animalia;Chordata;Mammalia;NA;Suidae	Hogs	2.44
Chromista;NA;Dinophyceae;Suessiales;Symbiodiniaceae;Symbiodinium;Symbiodinium sp. clade D	""	2.44
Chromista;NA;Dinophyceae;Peridiniales	Dinoflagellates	18.7
Animalia;Porifera;Demospongiae	Demosponge	6.5
Animalia;Arthropoda;Malacostraca	Malacostracans	1.63
Animalia;Chordata;Mammalia;Rodentia;Cricetidae;Akodon;Akodon montensis	""	0.81
Fungi;Ascomycota;Saccharomycetes;Saccharomycetales;Saccharomycetaceae;Saccharomyces;Saccharomyces cerevisiae	Baker's yeast	3.25
Animalia;Cnidaria;Hydrozoa;Leptothecata;Plumulariidae;Plumularia;Plumularia lagenifera	Hydralike animals	8.13
Chromista;Phaeophyceae;NA;Ectocarpales	""	4.07
Animalia;Chordata;Mammalia;Cetacea;Phocoenidae;Phocoena;Phocoena phocoena	""	0.81
Plantae;NA;Florideophyceae;Gigartinales;Peyssonneliaceae;Peyssonnelia;Peyssonnelia sp. 3BC	""	0.81
Animalia;Mollusca;Gastropoda;NA;Limapontiidae;Stiliger;Stiliger fuscovittatus	Brown-streak stiliger	1.63
Animalia;Arthropoda;Insecta;Coleoptera;Carabidae	""	1.63
Chromista;NA;Dinophyceae;Peridiniales;Peridiniaceae;Peridinium	""	4.07
Animalia;Arthropoda;Insecta;Hemiptera;Aphididae;Schizaphis;Schizaphis graminum	Greenbug	0.81
Animalia;Cnidaria;Hydrozoa;Leptothecata;Campanulariidae;Clytia;Clytia sp. JRH-2014	""	0.81
Chromista;Bacillariophyta;Coscinodiscophyceae;Melosirales;Stephanopyxidaceae;Stephanopyxis;Stephanopyxis turris	Diatoms	14.63
Animalia;Nemertea	Proboscis worms	4.07
Animalia;Mollusca;Gastropoda;Nudibranchia;Onchidorididae;Onchidoris;Onchidoris bilamellata	Barnacle-eating onchidoris	1.63
Animalia;Rotifera;Monogononta;Ploima;Trichocercidae;Trichocerca	""	0.81
Animalia;Cnidaria;Hydrozoa;Siphonophorae;Prayidae;Lilyopsis;Lilyopsis fluoracantha	""	0.81
Animalia;Echinodermata;Holothuroidea;Dendrochirotida;Cucumariidae	""	0.81
Animalia;Arthropoda;Insecta;Diptera;Cecidomyiidae;NA;Cecidomyiidae sp. BOLD-2016	""	0.81
Animalia;Arthropoda;Arachnida;Scorpiones;Bothriuridae;Brachistosternus	""	4.88
Animalia;Chordata;Actinopteri;Clupeiformes;Clupeidae;Clupea;Clupea pallasii	Pacific herring	8.13
Chromista;NA;Dinophyceae;Gonyaulacales;Gonyaulacaceae;Gonyaulax	Dinoflagellates	13.01
Fungi;Ascomycota;Eurotiomycetes;Eurotiales;Aspergillaceae;Penicillium;Penicillium sclerotiorum	""	20.33
Animalia;Rotifera;Monogononta;Ploima;Synchaetidae	""	4.07
Animalia;Annelida;Polychaeta;Phyllodocida;Polynoidae;Lepidonotus;Lepidonotus squamatus CMC01	Scale worm	3.25
Animalia;Annelida;Polychaeta;Phyllodocida;Glyceridae;Glycera;Glycera robusta	Glycerine worm	4.07
Animalia;Mollusca	""	4.88
Animalia;Mollusca;Bivalvia;Mytiloida;Mytilidae;Modiolus;Modiolus modiolus	Northern horse mussel	9.76
Animalia;Annelida;Polychaeta;Golfingiida;Golfingiidae;Thysanocardia;Thysanocardia nigra	""	0.81
Chromista;NA;Dinophyceae;Gonyaulacales;Gonyaulacaceae;Adenoides;Adenoides eludens	""	3.25
Animalia;Annelida;Polychaeta;Phyllodocida;Glyceridae;Hemipodia;Hemipodia simplex	""	0.81
Animalia;Arthropoda;Insecta;Diptera;Simuliidae;Cnephia	""	0.81
Plantae;NA;Florideophyceae;Ceramiales;Rhodomelaceae;Polysiphonia	Plants	1.63
Animalia;Cnidaria;Scyphozoa;Semaeostomeae	""	3.25
Chromista;NA;Dinophyceae;Peridiniales;Thoracosphaeraceae;Scrippsiella;Scrippsiella trochoidea	Dinoflagellates	12.2
Animalia;Mollusca;Gastropoda;NA;Fasciolariidae	""	1.63
Animalia;Arthropoda;Insecta;Diptera;Hybotidae	""	0.81
Animalia;Porifera;Demospongiae;Clionaida;Clionaidae;Cliona	Boring sponges	6.5
Animalia;Arthropoda;Maxillopoda;Calanoida;Clausocalanidae	""	0.81
Chromista;NA;Synurophyceae;Parmales;Triparmaceae;Triparma;Triparma laevis	Synurids	10.57
Chromista;NA;Dinophyceae;Gymnodiniales;Kareniaceae	Dinoflagellates	12.2
Chromista;Phaeophyceae;NA;Laminariales;Laminariaceae;Nereocystis;Nereocystis luetkeana	Chromists	8.94
Plantae;NA;Florideophyceae;Ceramiales;Rhodomelaceae	Plants	6.5
Animalia;Annelida;Polychaeta;Phyllodocida;Hesionidae;Oxydromus;Oxydromus pugettensis	Bat star worm	2.44
Chromista;NA;Dinophyceae;Peridiniales;Pfiesteriaceae;NA;Pfiesteriaceae sp. CCMP1958	""	1.63
Chromista;NA;Dictyochophyceae;Florenciellales;NA;Pseudochattonella;Pseudochattonella farcimen	Brown algae	7.32
Animalia;Annelida;Polychaeta;Spionida;Chaetopteridae;Phyllochaetopterus;Phyllochaetopterus prolifica	""	0.81
Animalia;Chordata;Actinopteri;Perciformes;Liparidae;Liparis;Liparis fucensis	""	0.81
Bacteria;Bacteroidetes;Flavobacteriia;Flavobacteriales;Flavobacteriaceae	Bacteria	12.2
Chromista;Eustigmatophyceae;NA;Eustigmatales;Monodopsidaceae;Nannochloropsis;Nannochloropsis granulata	Chromists	3.25
Animalia;Arthropoda;Insecta;Coleoptera;Staphylinidae;Quedius	""	0.81
Animalia;Cnidaria;Anthozoa;Pennatulacea	""	4.07
Animalia;Chordata;Actinopteri;Uranoscopiformes;Ammodytidae;Ammodytes	Sand lances	8.94
Plantae;NA;Florideophyceae;Ceramiales;Delesseriaceae;Cryptopleura;Cryptopleura ruprechtiana	Plants	6.5
Plantae;NA;Florideophyceae;Gigartinales;Phyllophoraceae;Stenogramma	""	3.25
Animalia;Arthropoda;Insecta;Hemiptera;Triozidae	""	0.81
Animalia;Chordata;Actinopteri	""	7.32
Animalia;Mollusca;Bivalvia;Mytiloida;Mytilidae	Mussel	6.5
Chromista;Bacillariophyta;Bacillariophyceae;Naviculales;Naviculaceae;Haslea	""	2.44
Animalia;Arthropoda;Branchiopoda;Diplostraca;Podonidae;Pleopis;Pleopis polyphemoides	Clam shrimp	0.81
Animalia;Nemertea;Enopla;Monostilifera;Amphiporidae;Zygonemertes;Zygonemertes sp. 1 TCH-2015	Proboscis worms	4.07
Chromista;Phaeophyceae;NA;Ectocarpales;Chordariaceae;Punctaria;Punctaria latifolia	""	0.81
Plantae;NA;Florideophyceae;Nemaliales;Galaxauraceae;Galaxaura;Galaxaura rugosa	""	2.44
Animalia;Chordata;Mammalia	""	3.25
Plantae;NA;Bangiophyceae;Bangiales;Bangiaceae	""	0.81
Fungi;Ascomycota;Lecanoromycetes;Lecanorales;Parmeliaceae	Shield Lichens And Allies	2.44
Animalia;Cnidaria;Anthozoa	""	0.81
Animalia;Echinodermata;Holothuroidea;Dendrochirotida;Cucumariidae;Cucumaria;Cucumaria piperata	Peppered sea cucumber	4.07
Animalia;Arthropoda;Insecta;Diptera;Agromyzidae;NA;Agromyzidae sp. BOLD-2016	""	0.81
Animalia;Arthropoda;Maxillopoda	""	3.25
Animalia;Cnidaria;Hydrozoa;NA;NA;NA;Hydrozoa sp. prey of Hypomenia sp. KMK-2014	Hydralike animals	10.57
Animalia;Cnidaria;Anthozoa;Alcyonacea;Chrysogorgiidae;Pleurogorgia;Pleurogorgia sp. CSM-2012	""	0.81
Animalia;Chordata;NA;Squamata;Gekkonidae;Uroplatus	""	0.81
Animalia;Xenacoelomorpha;Acoela	""	2.44
Animalia;Arthropoda;Arachnida;Trombidiformes;Eupodidae	""	0.81
Chromista;NA;Dinophyceae;Gonyaulacales;Gonyaulacaceae;Alexandrium;Alexandrium catenella	""	2.44
Animalia;Arthropoda;Insecta;Hymenoptera;Ichneumonidae;Thyreodon;Thyreodon sp. BOLD:AAB9977	""	0.81
Animalia;Annelida;Polychaeta;NA;Orbiniidae;Leitoscoloplos;Leitoscoloplos pugettensis CMC01	Paddle-footed annelids	4.88
Animalia;Annelida;Polychaeta;Spionida;Spionidae	""	0.81
Animalia;Arthropoda;Arachnida;Astigmata;Pyroglyphidae;Dermatophagoides;Dermatophagoides farinae	American house dust mite	0.81
Chromista;NA;Dinophyceae;Dinophysiales;Dinophysiaceae;Dinophysis	Dinoflagellates	8.13
Fungi;Basidiomycota;Agaricomycetes;Agaricales;Psathyrellaceae;Psathyrella	""	0.81
Chromista;NA;Dinophyceae;Gonyaulacales;Gonyaulacaceae;Alexandrium;Alexandrium ostenfeldii	""	1.63
Animalia;Arthropoda;Maxillopoda;Sessilia;Chthamalidae;Chthamalus;Chthamalus malayensis	""	0.81
Plantae;NA;Florideophyceae;Acrochaetiales;Acrochaetiaceae;Acrochaetium;Acrochaetium densum	""	0.81
Animalia;Arthropoda;Insecta;Hemiptera;Gerridae	""	0.81
Chromista;Bacillariophyta;Bacillariophyceae;Naviculales;Pleurosigmataceae;Pleurosigma;Pleurosigma strigosum	""	2.44
Animalia;Arthropoda;Maxillopoda;Sessilia;Balanidae	Arthropod	1.63
Animalia;Mollusca;Gastropoda;Nudibranchia;Onchidorididae;Acanthodoris;Acanthodoris nanaimoensis	""	0.81
Plantae;NA;Florideophyceae;Gigartinales;Kallymeniaceae;Kallymeniopsis;Kallymeniopsis oblongifructa	Plants	4.07
Plantae;NA;Florideophyceae;Gracilariales;Gracilariaceae	""	2.44
Chromista;Bacillariophyta;Coscinodiscophyceae;Thalassiosirales;Thalassiosiraceae;Thalassiosira	Diatoms	13.01
Animalia;Mollusca;Bivalvia;Nuculoida;Nuculidae	""	1.63
Animalia;Arthropoda;Malacostraca;Amphipoda	""	4.88
Chromista;Phaeophyceae;NA;Ectocarpales;Chordariaceae;Microspongium;Microspongium tenuissimum	""	4.07
Animalia;Rotifera;Monogononta;Ploima;Synchaetidae;Synchaeta	Rotifers	4.07
Chromista;Bacillariophyta;Bacillariophyceae;Bacillariales;Bacillariaceae;Nitzschia;Nitzschia longissima	Diatoms	7.32
Plantae;NA;Florideophyceae;Rhodymeniales;Faucheaceae;Gloiocladia;Gloiocladia fryeana	Plants	4.88
Plantae;NA;Florideophyceae;Gigartinales;Solieriaceae;Sarcodiotheca;Sarcodiotheca furcata	Plants	8.94
Animalia;Arthropoda;Insecta;Hymenoptera;Colletidae;Colletes	""	0.81
Chromista;Bacillariophyta;Bacillariophyceae;Bacillariales;Bacillariaceae;Pseudo-nitzschia;Pseudo-nitzschia fryxelliana	Diatoms	1.63
Animalia;Chordata;Actinopteri;Perciformes;Cottidae;Enophrys;Enophrys bison	Buffalo sculpin	3.25
Animalia;Annelida;Polychaeta;Phyllodocida;Nereididae;Alitta;Alitta sp. CMC01	""	2.44
Animalia;Arthropoda;Malacostraca;Decapoda;Panopeidae;Lophopanopeus;Lophopanopeus bellus	Black-clawed mud crab	1.63
Chromista;NA;Oomycetes;Saprolegniales;Saprolegniaceae;Leptolegnia;Leptolegnia sp. BOLD:AAX5717	""	0.81
Animalia;Annelida;Polychaeta;Terebellida;Terebellidae;Neoamphitrite;Neoamphitrite robusta CMC02	""	0.81
Animalia;Arthropoda;Insecta;Hymenoptera;Platygastridae	""	0.81
Animalia;Arthropoda;Insecta;Diptera;Syrphidae;Toxomerus;Toxomerus costalis	""	0.81
Plantae;NA;Florideophyceae;Halymeniales;Halymeniaceae;Prionitis;Prionitis simplex	Plants	2.44
Fungi;Ascomycota;Sordariomycetes;Hypocreales;Nectriaceae;Thelonectria	Pyrenomycete	0.81
Chromista;Bacillariophyta;Bacillariophyceae;Bacillariales;Bacillariaceae;Pseudo-nitzschia	""	2.44
Animalia;Arthropoda;Maxillopoda;Calanoida;Tortanidae;Tortanus;Tortanus discaudatus	Calanoid Copepods	3.25
Animalia;Arthropoda;Insecta;Coleoptera;Chrysomelidae;Galeruca;Galeruca rudis	""	0.81
Animalia;Echinodermata;Ophiuroidea;Ophiurida;Amphiuridae;Amphiodia	Basket stars	3.25
Animalia;Arthropoda;Insecta;Trichoptera;Philopotamidae;Wormaldia;Wormaldia occipitalis	""	0.81
Plantae;NA;Florideophyceae;Ceramiales;Ceramiaceae;Pterothamnion;Pterothamnion sp. 4GWS	Plants	5.69
Chromista;Bacillariophyta;Fragilariophyceae;Striatellales;Grammatophoraceae;Grammatophora;Grammatophora sp. B LG-2014	""	0.81
Animalia;Nemertea;Anopla;Heteronemertea;Lineidae;Maculaura;Maculaura oregonensis	""	1.63
Fungi;Ascomycota;Dothideomycetes;Capnodiales;Mycosphaerellaceae;Cercospora;Cercospora sojina	Asco's	0.81
Animalia;Nemertea;Anopla;Heteronemertea;Cerebratulidae;Cerebratulus;Cerebratulus sp. spade head	""	4.07
Chromista;Phaeophyceae;NA;Ectocarpales;Chordariaceae;Laminariocolax	""	2.44
Plantae;NA;Florideophyceae;Gigartinales;Dumontiaceae;Weeksia;Weeksia coccinea	Plants	2.44
Animalia;Annelida;Polychaeta;Sabellida;Sabellidae;Megalomma;Megalomma splendida	Fanworms	0.81
Animalia;Arthropoda;Insecta;Diptera;Dolichopodidae	""	0.81
Plantae;NA;Florideophyceae;Gigartinales;Kallymeniaceae;Pugetia	""	4.07
Plantae;NA;Florideophyceae;Ceramiales;Ceramiaceae;Ceramium	Plants	0.81
Animalia;Arthropoda;Insecta;Diptera;Ceratopogonidae	""	0.81
Animalia;Arthropoda;Insecta;Hymenoptera;Figitidae;Leptopilina;Leptopilina sp. TK1	""	1.63
Animalia;Mollusca;Bivalvia;Mytiloida;Mytilidae;Mytilus	Mussel	4.07
Chromista;Bacillariophyta;Coscinodiscophyceae;Thalassiosirales;Skeletonemataceae;Skeletonema;Skeletonema japonicum	Diatoms	11.38
Animalia;Arthropoda;Insecta;Orthoptera;Tettigoniidae;Conanalus;Conanalus pieli	""	0.81
Animalia;Chordata;Actinopteri;Pleuronectiformes;Pleuronectidae;Pleuronichthys;Pleuronichthys coenosus	C-O Sole	1.63
Plantae;NA;Florideophyceae;Gigartinales;Kallymeniaceae;Callophyllis;Callophyllis schneideri	Plants	6.5
Animalia;Arthropoda;Arachnida;Araneae;Theraphosidae;Aphonopelma	""	0.81
Animalia;Arthropoda;Branchiopoda;Diplostraca;Podonidae;Evadne;Evadne nordmanni	Clam shrimp	1.63
Animalia;Arthropoda;Arachnida;Mesostigmata;Urodinychidae;Uroobovella;Uroobovella sp. 2WK	""	0.81
Animalia;Echinodermata;Holothuroidea;Dendrochirotida;Phyllophoridae;Pentamera;Pentamera pediparva	""	1.63
Animalia;Cnidaria;Hydrozoa;Leptothecata;Campanulariidae;Calycella;Calycella syringa	Creeping bell hydroid	1.63
Plantae;NA;Florideophyceae;Halymeniales;Halymeniaceae;Grateloupia;Grateloupia sp. GWS-2014	""	0.81
Animalia;Annelida;Polychaeta;Phyllodocida	""	0.81
Chromista;Phaeophyceae;NA;Ectocarpales;Ectocarpaceae;Ectocarpus	Maiden's Hair	3.25
Animalia;Cnidaria;Hydrozoa;Leptothecata;Sertulariidae;Symplectoscyphus;Symplectoscyphus tricuspidatus	Sessile hydrozoans	6.5
Animalia;Annelida;Polychaeta;Phyllodocida;Nephtyidae;Bipalponephtys;Bipalponephtys cornuta	Catworms	4.07
Animalia;Echinodermata;Ophiuroidea;Ophiurida;Amphiuridae;Amphipholis;Amphipholis sp. EACO2	""	0.81
Animalia;Arthropoda;Malacostraca;Amphipoda;Niphargidae;Niphargus	""	3.25
Animalia;Arthropoda;Insecta;Ephemeroptera;Heptageniidae;Rhithrogena;Rhithrogena sp. 19 LV-2010	""	0.81
Animalia;Arthropoda;Insecta;Lepidoptera;Sphingidae;Hemaris	""	0.81
Plantae;NA;Florideophyceae;Rhodymeniales	""	0.81
Animalia;Chordata;Amphibia;Anura;Leptodactylidae;Pseudopaludicola;Pseudopaludicola falcipes	""	0.81
Fungi;Basidiomycota;Agaricomycetes;Agaricales;Tricholomataceae;Clitocybe;Clitocybe robusta	Funnels	0.81
Plantae;NA;Florideophyceae;Gigartinales;Kallymeniaceae;Callophyllis;Callophyllis edentata	Plants	4.88
Animalia;Arthropoda;Insecta;Diptera;Phoridae	""	0.81
Animalia;Arthropoda;Maxillopoda;Calanoida;Calanidae;Calanus	Calanoid Copepods	4.07
Animalia;Chordata;Actinopteri;Cypriniformes;Cyprinidae;Garra;Garra bicornuta	""	0.81
Animalia;Mollusca;Bivalvia;Veneroida;Cardiidae;Clinocardium;Clinocardium nuttallii	""	1.63
Animalia;Echinodermata;Echinoidea;Echinoida;Strongylocentrotidae	""	1.63
Animalia;Arthropoda;Arachnida;Araneae;Linyphiidae;Bathyphantes;Bathyphantes approximatus	""	0.81
Chromista;Bacillariophyta;Mediophyceae;Triceratiales;Triceratiaceae;Trieres;Trieres chinensis	Diatoms	11.38
Animalia;Echinodermata;Echinoidea;Echinoida;Strongylocentrotidae;Strongylocentrotus	""	1.63
Animalia;Arthropoda;Insecta;Coleoptera;Curculionidae;Trigonopterus;Trigonopterus sp. 201 MB-2011	""	0.81
Plantae;NA;Florideophyceae;Gelidiales;Pterocladiaceae;Pterocladia;Pterocladia rectangularis	""	1.63
Chromista;NA;Dinophyceae;Gonyaulacales;Goniodomataceae;Gambierdiscus;Gambierdiscus toxicus	""	2.44
Animalia;Arthropoda;Insecta;Coleoptera;Chrysomelidae;Metrioidea;Metrioidea sp. JJG301	""	1.63
Animalia;Arthropoda;Malacostraca;Decapoda;Oregoniidae;Oregonia;Oregonia gracilis	""	2.44
Animalia;Arthropoda;Malacostraca;Decapoda;Portunidae	""	0.81
Animalia;Cnidaria;Anthozoa;Pennatulacea;Virgulariidae;Stylatula;Stylatula elongata	Elongated sea pen	4.07
Animalia;Annelida;Polychaeta;Terebellida	Paddle-footed annelids	2.44
Animalia;Mollusca;Gastropoda;NA;Trochidae;Lirularia	""	0.81
Animalia;Arthropoda;Insecta;Hymenoptera;Argidae;Arge	""	0.81
Animalia;Annelida;Polychaeta;Flabelligerida;Flabelligeridae;Brada;Brada villosa CMC02	""	0.81
Chromista;NA;Dinophyceae;Gymnodiniales;Gymnodiniaceae;Gymnodinium;Gymnodinium sp. NVA/RUS/2008	""	2.44
NA;Eustigmatophyceae	""	5.69
Animalia;Arthropoda;Maxillopoda;Calanoida;Clausocalanidae;Pseudocalanus;Pseudocalanus moultoni	Calanoid Copepods	4.88
Plantae;NA;Florideophyceae;Plocamiales;Plocamiaceae	""	0.81
Animalia;Annelida;Polychaeta;Terebellida;Pectinariidae;Pectinaria;Pectinaria granulata CMC01	Comb worms	0.81
Animalia;Chordata;Chondrichthyes	""	0.81
Chromista;Bacillariophyta;Bacillariophyceae;Bacillariales;Bacillariaceae;Psammodictyon;Psammodictyon panduriforme	""	0.81
Plantae;NA;Florideophyceae;Gigartinales;Cystocloniaceae;Rhodophyllis	""	0.81
Animalia;Annelida;Polychaeta;Spionida;Spionidae;Polydora	""	0.81
Animalia;Echinodermata;Asteroidea;Velatida;Pterasteridae;Pteraster;Pteraster sp. EAC02	""	0.81
Chromista;Bacillariophyta;Coscinodiscophyceae;Rhizosoleniales;Rhizosoleniaceae;Rhizosolenia;Rhizosolenia setigera	Diatoms	2.44
Chromista;Phaeophyceae;NA;Dictyotales;Dictyotaceae;Dictyota	""	1.63
Plantae;NA;Florideophyceae;Nemastomatales;Schizymeniaceae;Schizymenia	""	0.81
Chromista;NA;Oomycetes;Peronosporales;NA;Phytopythium;Phytopythium chamaehyphon	""	1.63
Animalia;Echinodermata;Holothuroidea;Dendrochirotida;Sclerodactylidae;Eupentacta;Eupentacta quinquesemita	""	0.81
Chromista;Bacillariophyta;Fragilariophyceae;Fragilariales;Fragilariaceae;Asterionellopsis;Asterionellopsis glacialis	Diatoms	7.32
Chromista;NA;Oomycetes;Saprolegniales;Saprolegniaceae;Achlya;Achlya flagellata	""	0.81
Plantae;NA;Florideophyceae;Gracilariales;Gracilariaceae;Gracilariopsis	Plants	4.07
Animalia;Mollusca;Gastropoda;NA;Calyptraeidae;Calyptraea;Calyptraea fastigata	""	0.81
Fungi;Basidiomycota;Microbotryomycetes;Sporidiobolales;Sporidiobolaceae;Rhodotorula;Rhodotorula taiwanensis	Basidio's	8.94
Chromista;Phaeophyceae;NA;Ectocarpales;Ectocarpaceae	""	4.07
Animalia;Annelida;Polychaeta;NA;Orbiniidae	Paddle-footed annelids	0.81
NA;NA;Labyrinthulomycetes	""	0.81
Fungi;Ascomycota;Eurotiomycetes;Eurotiales;Aspergillaceae	""	0.81
Plantae;NA;Florideophyceae;Ceramiales;Rhodomelaceae;Osmundea;Osmundea spectabilis	""	0.81
Protozoa;NA;Ichthyosporea;Ichthyophonida;Amoebidiaceae;Amoebidium;Amoebidium parasiticum	""	0.81
Animalia;Mollusca;Gastropoda;NA;Columbellidae;Amphissa;Amphissa columbiana	""	2.44
Chromista;Bacillariophyta;Coscinodiscophyceae;Thalassiosirales;Thalassiosiraceae;Thalassiosira;Thalassiosira punctigera	Diatom	3.25
Plantae;NA;Florideophyceae;Palmariales;Palmariaceae;Devaleraea;Devaleraea mollis	""	0.81
Plantae;Chlorophyta;NA;NA;Pycnococcaceae;Pseudoscourfieldia;Pseudoscourfieldia marina	""	1.63
Chromista;NA;Dinophyceae;Prorocentrales;Prorocentraceae;Prorocentrum;Prorocentrum mexicanum	""	0.81
Animalia;Echinodermata;Ophiuroidea;Ophiurida;Amphiuridae;Amphipholis	Basket stars	7.32
Animalia;Annelida;Clitellata;Haplotaxida;Lumbricidae;Bimastos;Bimastos tumidus	""	0.81
Animalia;Cnidaria;Staurozoa;Stauromedusae;Haliclystidae;Haliclystus;Haliclystus sanjuanensis	""	2.44
Animalia;Mollusca;Gastropoda;NA;Lymnaeidae	""	0.81
Plantae;NA;Florideophyceae;Nemastomatales;Schizymeniaceae;Schizymenia;Schizymenia pacifica	Plants	1.63
Animalia;Cnidaria;Hydrozoa;Leptothecata;Aequoreidae;Aequorea;Aequorea sp. MW-2012	""	0.81
Bacteria;Bacteroidetes;Flavobacteriia;Flavobacteriales;Flavobacteriaceae;Polaribacter	Bacteria	7.32
Chromista;NA;Oomycetes;Peronosporales;Peronosporaceae	Downy Mildew	2.44
Animalia;Chordata;Actinopteri;Batrachoidiformes;Batrachoididae;Porichthys;Porichthys notatus	""	0.81
Fungi;Ascomycota;Saccharomycetes;Saccharomycetales;Saccharomycetaceae	""	1.63
Animalia;Arthropoda;Malacostraca;Decapoda;Varunidae;Hemigrapsus;Hemigrapsus oregonensis	""	0.81
Plantae;NA;Florideophyceae;Ceramiales;Rhodomelaceae;Pterosiphonia;Pterosiphonia hamata	""	0.81
Fungi;Ascomycota;Eurotiomycetes;Eurotiales;Aspergillaceae;Penicillium;Penicillium verrucosum	Blue Mould Rot	1.63
Animalia;Arthropoda;Arachnida;Astigmata;Pyroglyphidae;Dermatophagoides;Dermatophagoides pteronyssinus	European house dust mite	3.25
Animalia;Arthropoda;Arachnida;Araneae;Antrodiaetidae;Antrodiaetus	""	0.81
Animalia;Bryozoa	Moss animals	1.63
Animalia;Mollusca;Bivalvia;Mytiloida;Mytilidae;Mytilus;Mytilus trossulus	Northern blue mussel	1.63
Animalia;Mollusca;Gastropoda;Stylommatophora;Hygromiidae;Trochulus	""	0.81
Animalia;Arthropoda;Malacostraca;Decapoda;Palaemonidae;Macrobrachium	""	0.81
Animalia;Arthropoda;Insecta;Ephemeroptera	""	0.81
Animalia;Arthropoda;Malacostraca;Amphipoda;Niphargidae;Niphargus;Niphargus rhenorhodanensis	""	0.81
Plantae;NA;Florideophyceae;Halymeniales;Halymeniaceae;Halymenia	""	1.63
Animalia;Mollusca;Gastropoda;NA;Ampullariidae	""	0.81
Animalia;Annelida;Clitellata;Haplotaxida;Lumbricidae	Earthworms	1.63
Chromista;NA;Dinophyceae;Peridiniales;Peridiniaceae;Peridinium;Peridinium sp. ES18-122	""	1.63
Animalia;Annelida;Polychaeta;Spionida;Chaetopteridae;Mesochaetopterus;Mesochaetopterus taylori	""	0.81
Plantae;NA;Florideophyceae;Gigartinales;Kallymeniaceae;Callophyllis;Callophyllis pinnata	Plants	2.44
Animalia;Arthropoda;Malacostraca;Euphausiacea;Euphausiidae;Euphausia;Euphausia pacifica	Pacific krill	4.88
Animalia;Mollusca;Bivalvia;Lucinoida;Thyasiridae;Axinopsida;Axinopsida serricata	""	0.81
Fungi;Blastocladiomycota;Blastocladiomycetes;Blastocladiales;Blastocladiaceae;Blastocladiella;Blastocladiella emersonii	""	1.63
Bacteria;Bacteroidetes;Flavobacteriia;Flavobacteriales;Flavobacteriaceae;Formosa;Formosa sp. Hel1_33_131	""	1.63
Animalia;NA;Florideophyceae;Gigartinales;Phyllophoraceae;Ozophora	""	0.81
Chromista;Bacillariophyta;Bacillariophyceae;Bacillariales;Bacillariaceae;Nitzschia;Nitzschia cf. promare	Diatoms	17.07
Animalia;Annelida;Clitellata;Haplotaxida;Megascolecidae;Amynthas	""	1.63
Plantae;NA;Florideophyceae;Palmariales;Rhodothamniellaceae;Rhodothamniella;Rhodothamniella floridula	""	0.81
Chromista;NA;Dinophyceae;Prorocentrales;Prorocentraceae;Prorocentrum;Prorocentrum sp. ES5-50	""	1.63
Plantae;NA;Florideophyceae;Rhodymeniales;Rhodymeniaceae;Sparlingia;Sparlingia pertusa	""	2.44
Animalia;Echinodermata;Echinoidea;Echinoida;Strongylocentrotidae;Mesocentrotus;Mesocentrotus franciscanus	""	1.63
Animalia;Chordata;Aves;Charadriiformes;Scolopacidae;Gallinago	""	0.81
Animalia;Arthropoda;Insecta;Diptera;Asilidae;Euscelidia;Euscelidia procula	""	0.81
Animalia;Mollusca;Gastropoda;NA;Planorbidae;Bulinus	""	1.63
Chromista;NA;Dinophyceae;Dinophysiales;Dinophysiaceae;Phalacroma;Phalacroma rotundatum	Dinoflagellates	8.13
Plantae;NA;Florideophyceae;Gelidiales	""	1.63
Chromista;Phaeophyceae;NA;Ralfsiales;Ralfsiaceae;NA;Ralfsioid sp. 4GWS	Chromists	2.44
Fungi;Ascomycota;Sordariomycetes;Ophiostomatales;Ophiostomataceae;Sporothrix;Sporothrix schenckii	""	0.81
Animalia;Chordata;Mammalia;Carnivora;Canidae;Canis	Dog	1.63
Fungi;Ascomycota;Dothideomycetes;Capnodiales;Cladosporiaceae;Cladosporium;Cladosporium sp. BM-2009-5	Asco's	3.25
Animalia;Arthropoda;Insecta;Hemiptera;Aphididae	Aphid	1.63
Animalia;Chordata;Actinopteri;Chaetodontiformes;Chaetodontidae;Chelmon	""	1.63
Bacteria;Bacteroidetes;Flavobacteriia;Flavobacteriales;Flavobacteriaceae;Formosa;Formosa sp. Hel3_A1_48	Bacteria	4.88
Plantae;NA;Florideophyceae;Palmariales;Rhodophysemataceae	""	0.81
Animalia;Chordata;Aves;Columbiformes;Columbidae	""	1.63
Fungi;Ascomycota;Sordariomycetes;Hypocreales;Nectriaceae;Fusarium	Pyrenomycete	3.25
Animalia;Annelida;Polychaeta;NA;Opheliidae;Ophelina;Ophelina acuminata	Sandbar worms	5.69
Animalia;Mollusca;Gastropoda;Thecosomata;Cavoliniidae	""	0.81
Chromista;Bacillariophyta;Bacillariophyceae;Naviculales;Pinnulariaceae;Pinnularia	Diatoms	0.81
Animalia;Arthropoda;Insecta;Diptera;Agromyzidae;Melanagromyza;Melanagromyza obtusa	""	3.25
Animalia;Chordata;Mammalia;Primates;Hominidae;Homo	""	0.81
Plantae;NA;Florideophyceae;Gigartinales;Gigartinaceae;Mazzaella;Mazzaella rosea	""	2.44
Animalia;Cnidaria;Hydrozoa;Leptothecata;Eirenidae;Eutonina;Eutonina indicans	Umbrella jellyfish	2.44
Animalia;Mollusca;Gastropoda;Nudibranchia;Onchidorididae;Calycidoris;Calycidoris guentheri	""	0.81
Animalia;Arthropoda;Malacostraca;Decapoda;Hymenosomatidae	""	0.81
Animalia;Chordata;Actinopteri;Pleuronectiformes;Paralichthyidae;Citharichthys	""	0.81
Animalia;Annelida;Polychaeta;Spionida;Cirratulidae;Dodecaceria;Dodecaceria sp. CMC02	""	1.63
Animalia;Arthropoda;Insecta;Lepidoptera;Pieridae;Zegris;Zegris eupheme	""	0.81
Plantae;NA;Florideophyceae;Halymeniales;Halymeniaceae;Prionitis;Prionitis sternbergii	""	1.63
Animalia;Arthropoda;Branchiopoda;Diplostraca	Clam shrimp	0.81
Plantae;NA;Florideophyceae;Ceramiales;Ceramiaceae;Ptilota;Ptilota filicina	Plants	4.07
Plantae;NA;Florideophyceae;Ceramiales;Ceramiaceae;Scagelia;Scagelia occidentale	""	1.63
Fungi;Ascomycota;Saccharomycetes;Saccharomycetales;Saccharomycetaceae;Saccharomyces	""	1.63
Chromista;NA;Dinophyceae;Gymnodiniales;Gymnodiniaceae;Lepidodinium;Lepidodinium chlorophorum	""	0.81
Chromista;Bacillariophyta;Bacillariophyceae;Naviculales;Sellaphoraceae;Sellaphora	""	0.81
Fungi;Basidiomycota;Agaricomycetes;Agaricales;Pluteaceae;Pluteus	Shields	1.63
Chromista;Bacillariophyta;Coscinodiscophyceae;Melosirales;Melosiraceae;Melosira;Melosira nummuloides	""	0.81
Animalia;Arthropoda;Malacostraca;Mysida;Mysidae	""	0.81
Plantae;NA;Florideophyceae;Gigartinales;NA;Turnerella	""	0.81
Animalia;Annelida;Polychaeta;Phyllodocida;Pholoidae;Pholoides;Pholoides asperus	Scaleworms	1.63
Animalia;Arthropoda;Arachnida;Araneae;Actinopodidae;Missulena	""	3.25
Plantae;NA;Florideophyceae;Gigartinales;Gigartinaceae;Mazzaella	Plants	5.69
Plantae;NA;Florideophyceae;Gigartinales;Areschougiaceae;Erythroclonium;Erythroclonium sp. 1angustatum	""	0.81
Animalia;Cnidaria;Hydrozoa;Anthoathecata;Ptilocodiidae;Thecocodium;Thecocodium quadratum	""	0.81
Animalia;Arthropoda;Malacostraca;Decapoda;Callianassidae;Paraglypturus;Paraglypturus tonganus (nomen nudum)	""	0.81
Animalia;Arthropoda;Insecta;Hymenoptera;Formicidae;Pogonomyrmex	""	1.63
Animalia;Arthropoda;Insecta;Lepidoptera;Lymantriidae	""	0.81
Animalia;Mollusca;Bivalvia;Ostreoida;Ostreidae;Crassostrea	Cupped oysters	0.81
Protozoa;NA;NA;Himatismenida;NA;Parvamoeba;Parvamoeba rugata	""	4.07
Animalia;Mollusca;Gastropoda;Nudibranchia	""	0.81
Fungi;Ascomycota;Leotiomycetes;Helotiales;Helotiaceae;Glarea;Glarea lozoyensis	Asco's	3.25
Animalia;Arthropoda;Insecta;Orthoptera;Acrididae;Dociostaurus;Dociostaurus jagoi	""	0.81
Chromista;NA;Dinophyceae;Gymnodiniales	""	2.44
Animalia;Mollusca;Gastropoda;Nudibranchia;Tritoniidae;Tritonia;Tritonia diomedea	Nudibranchs	3.25
Animalia;Arthropoda;Maxillopoda;Kentrogonida;Sacculinidae;Loxothylacus;Loxothylacus panopaei	Arthropod	1.63
Fungi;Ascomycota;Sordariomycetes;Hypocreales;Ophiocordycipitaceae	Pyrenomycete	1.63
Fungi;Ascomycota;Sordariomycetes;Hypocreales;Nectriaceae	Pyrenomycete	1.63
Animalia;Nemertea;Palaeonemertea;NA;Tubulanidae;Tubulanus;Tubulanus sp. 1 TCH-2015	Proboscis worms	4.88
Animalia;Arthropoda;Malacostraca;Decapoda;Aeglidae;Aegla	""	2.44
Chromista;Phaeophyceae;NA;Ectocarpales;Chordariaceae;Hecatonema;Hecatonema maculans	Chromists	1.63
Animalia;Arthropoda;Insecta;Lepidoptera;Sesiidae;Negotinthia;Negotinthia hoplisiformis	""	0.81
Chromista;NA;Dinophyceae;Prorocentrales;Prorocentraceae;Prorocentrum;Prorocentrum minimum	""	1.63
Animalia;Arthropoda;Insecta;Hemiptera;Aphididae;Aulacorthum	Aphid	0.81
Plantae;Chordata;Actinopteri;Perciformes;Liparidae;Liparis	Twayblade	2.44
Fungi;Ascomycota;Sordariomycetes;Hypocreales;Cordycipitaceae	""	0.81
Animalia;Arthropoda;Malacostraca;Amphipoda;Gammaridae;Gammarus	""	1.63
Chromista;Phaeophyceae;NA;Ectocarpales;Chordariaceae;Leathesia;Leathesia marina	""	0.81
Animalia;Chordata;Mammalia;NA;Bovidae;Bos;Bos taurus	""	0.81
Animalia;Annelida	""	0.81
Plantae;NA;Florideophyceae;Gigartinales;Gigartinaceae;Mazzaella;Mazzaella sanguinea	""	2.44
Animalia;Chordata;Amphibia;Anura	""	0.81
Animalia;Porifera;Demospongiae;Haplosclerida;Chalinidae;Haliclona;Haliclona sp. L GPM-2011	""	0.81
Animalia;Chordata;Aves;Passeriformes;NA;Pseudobias;Pseudobias wardi	""	0.81
Plantae;NA;Florideophyceae;Gigartinales;NA;Opuntiella;Opuntiella sp. 2californica	""	0.81
Animalia;Cnidaria;Hydrozoa;Anthoathecata;Tubulariidae;Hybocodon;Hybocodon prolifer	""	0.81
Animalia;Arthropoda;Insecta;Diptera;Tachinidae;Tachinidae gen. tachJanzen01;Tachinidae gen. tachJanzen01 sp. Janzen01	""	0.81
Animalia;Chordata;Aves;Passeriformes;Petroicidae;Poecilodryas;Poecilodryas albonotata	""	0.81
Animalia;Arthropoda;Insecta;Diptera;Cecidomyiidae	""	3.25
Animalia;Arthropoda;Insecta;Mantodea	""	0.81
Animalia;Porifera;Homoscleromorpha;Homosclerophorida;Plakinidae;Oscarella;Oscarella pearsei	""	1.63
Animalia;Echinodermata;Holothuroidea;Dendrochirotida;Cucumariidae;Cucumaria	Sea cucumbers	2.44
Animalia;Mollusca;Gastropoda;NA;Hydrobiidae;Fluviopupa	""	0.81
Animalia;Cnidaria;Hydrozoa;Leptothecata;Campanulariidae;Eucheilota;Eucheilota maculata	""	0.81
Animalia;Mollusca;Gastropoda;NA;Littorinidae;Littorina	Chink shells	0.81
Animalia;Arthropoda;Arachnida;Araneae;Archaeidae;Eriauchenius;Eriauchenius sp. 15 HMW-2014	""	0.81
Chromista;Phaeophyceae;NA;Fucales	""	0.81
Plantae;Chlorophyta;NA;Pyramimonadales;NA;Cymbomonas;Cymbomonas tetramitiformis	""	3.25
Animalia;Chordata;Actinopteri;Perciformes;Cryptacanthodidae;Cryptacanthodes;Cryptacanthodes giganteus	""	0.81
Animalia;Arthropoda;Malacostraca;Decapoda;Majidae;Chionoecetes;Chionoecetes japonicus	""	0.81
Animalia;Arthropoda;Maxillopoda;Sessilia;Chthamalidae	Arthropod	0.81
Animalia;Nemertea;Enopla;Monostilifera;Ototyphlonemertidae;Ototyphlonemertes	""	0.81
Animalia;Mollusca;Gastropoda;Stylommatophora;Succineidae;Succinea	""	0.81
Animalia;Arthropoda;Insecta;Diptera;Muscidae;Phaonia	""	0.81
Animalia;Mollusca;Gastropoda;NA;Terebridae	""	0.81
Chromista;Bacillariophyta;Coscinodiscophyceae;Thalassiosirales;Stephanodiscaceae;Cyclostephanos;Cyclostephanos sp. WTC16	""	0.81
Animalia;Mollusca;Gastropoda;Stylommatophora	""	5.69
Animalia;Arthropoda;Arachnida;Araneae;Dipluridae;Microhexura;Microhexura montivaga	""	0.81
Fungi;Ascomycota;Sordariomycetes;Hypocreales;Nectriaceae;Fusarium;Fusarium oxysporum	""	0.81
Animalia;Chordata;Actinopteri;Pleuronectiformes;Pleuronectidae;Lepidopsetta;Lepidopsetta bilineata	""	0.81
Animalia;Chordata;Amphibia;Caudata;Hynobiidae;Hynobius	""	0.81
Animalia;Chordata;Actinopteri;Gymnotiformes;Apteronotidae	""	0.81
Animalia;Echinodermata;Holothuroidea;Dendrochirotida;Phyllophoridae;Pentamera	""	0.81
Animalia;Arthropoda;Arachnida;Araneae;Sicariidae;Sicarius	""	0.81
Fungi;Basidiomycota;Agaricomycetes;Agaricales;Schizophyllaceae;Schizophyllum;Schizophyllum commune	Splitgill	1.63
Animalia;Chordata;Actinopteri;Perciformes;Stichaeidae;Anoplarchus	""	0.81
Plantae;NA;Florideophyceae;Gigartinales;Peyssonneliaceae;Peyssonnelia	""	0.81
Animalia;Echinodermata;Ophiuroidea;Ophiurida;Ophiactidae;Ophiopholis	Basket stars	3.25
Animalia;Chordata;Actinopteri;Salmoniformes;Salmonidae;Oncorhynchus;Oncorhynchus tshawytscha	""	1.63
Animalia;Mollusca;Gastropoda;Thecosomata;Limacinidae;Limacina;Limacina helicina	Helicid pteropod	0.81
Plantae;NA;Florideophyceae;Ceramiales;Dasyaceae;Rhodoptilum;Rhodoptilum plumosum	Plants	1.63
Animalia;Chordata;Aves;Passeriformes;Sylviidae	""	0.81
Bacteria;Proteobacteria;Alphaproteobacteria;Rickettsiales	""	0.81
Chromista;NA;Dinophyceae;Peridiniales;Thoracosphaeraceae;Scrippsiella;Scrippsiella sp. CCMP2775	""	0.81
Animalia;Arthropoda;Maxillopoda;Siphonostomatoida;Dirivultidae;Aphotopontius	""	0.81
Animalia;Arthropoda;Insecta;Coleoptera;Scarabaeidae;Phyllophaga;Phyllophaga marginalis	""	1.63
Animalia;Cnidaria;Hydrozoa;Leptothecata;Eirenidae;Eutima;Eutima gracilis	""	0.81
Fungi;Ascomycota;Eurotiomycetes;Eurotiales;Aspergillaceae;Penicillium;Penicillium adametzii	""	0.81
Animalia;Arthropoda;Malacostraca;Euphausiacea;Euphausiidae	""	0.81
Plantae;NA;Florideophyceae;Nemastomatales	""	1.63
Chromista;Bacillariophyta;Mediophyceae;Triceratiales;Plagiogrammaceae;Plagiogramma;Plagiogramma sp. IAL-2014a	Diatoms	2.44
Animalia;Arthropoda;Maxillopoda;Calanoida;Pseudodiaptomidae;Pseudodiaptomus;Pseudodiaptomus nihonkaiensis	""	0.81
Animalia;Porifera;Demospongiae;Poecilosclerida	""	1.63
Animalia;Arthropoda;Insecta;Lepidoptera;Oecophoridae	""	0.81
Animalia;Arthropoda;Arachnida;Araneae;Lycosidae	""	0.81
Animalia;Arthropoda;Diplopoda;Chordeumatida;Attemsiidae;Syngonopodium;Syngonopodium cornutum	""	0.81
Chromista;Phaeophyceae;NA;Ectocarpales;Acinetosporaceae	""	0.81
Animalia;Mollusca;Gastropoda;NA;Columbellidae;Columbella	""	0.81
Animalia;Arthropoda;Arachnida;Astigmata;Acaridae;Tyrophagus;Tyrophagus putrescentiae	Mold mite	0.81
Chromista;Phaeophyceae;NA;Laminariales;Laminariaceae	""	0.81
Animalia;Chordata;Ascidiacea;Stolidobranchia;Pyuridae;Pyura;Pyura chilensis	""	0.81
Animalia;Onychophora;NA;NA;Peripatopsidae;Peripatopsis;Peripatopsis clavigera	""	0.81
Chromista;NA;Oomycetes;Pythiales;Pythiaceae;Pythium;Pythium helicandrum	""	0.81
Animalia;Mollusca;Gastropoda;NA;Olividae	""	0.81
Plantae;NA;Florideophyceae;Plocamiales;Plocamiaceae;Plocamium	""	1.63
Plantae;NA;Florideophyceae;Gigartinales;Phyllophoraceae;Stenogramma;Stenogramma rhodymenioides	""	1.63
Animalia;Arthropoda;Malacostraca;Decapoda;Pinnotheridae;Calyptraeotheres	""	0.81
Animalia;Arthropoda;Arachnida;Mesostigmata;Phytoseiidae	""	0.81
Animalia;Mollusca;Bivalvia;Veneroida;Psammobiidae;Nuttallia;Nuttallia olivacea	""	0.81
Chromista;NA;Dinophyceae;Peridiniales;Pfiesteriaceae;NA;Pfiesteriaceae sp. CCMP1965	""	0.81
Fungi;Ascomycota;Dothideomycetes;Capnodiales;Cladosporiaceae;Cladosporium;Cladosporium bruhnei	Asco's	2.44
Animalia;Annelida;Polychaeta;Phyllodocida;Polynoidae;Lepidonotus	Scale worm	0.81
Animalia;Chordata;Actinopteri;Characiformes	""	0.81
Animalia;Arthropoda;Insecta;Coleoptera;Curculionidae;Xyleborus;Xyleborus sp. E AIC-2011	""	0.81
Animalia;Arthropoda;Insecta;Lepidoptera;Pyralidae;Orthaga;Orthaga rubridiscalis	""	1.63
Bacteria;Proteobacteria;Alphaproteobacteria;Pelagibacterales;Pelagibacteraceae;Candidatus Pelagibacter;Candidatus Pelagibacter sp. IMCC9063	""	0.81
Plantae;NA;Florideophyceae;Gigartinales;Dumontiaceae	""	0.81
Animalia;Mollusca;Gastropoda;NA;Littorinidae;Littorina;Littorina plena	Chink shells	0.81
Animalia;Arthropoda;Insecta;Coleoptera;Scarabaeidae;Telura;Telura sp. NLG-2014	""	0.81
Animalia;Chordata;Actinopteri;Perciformes;Stichaeidae;Lumpenus;Lumpenus sagitta	""	0.81
Chromista;NA;Oomycetes;Peronosporales;NA;Nothophytophthora	""	0.81
Animalia;Arthropoda;Arachnida;Araneae;Selenopidae;Selenops	""	0.81
Animalia;Arthropoda;Insecta;Lepidoptera;Crambidae;Pyrausta;Pyrausta ochreicostalis	""	0.81
Animalia;Annelida;Clitellata	""	1.63
Animalia;Brachiopoda;NA;NA;NA;Phoronopsis;Phoronopsis harmeri	Large green phoronid	1.63
Chromista;NA;Dinophyceae;Peridiniales;Peridiniaceae;Peridinium;Peridinium sp. ES18-105	""	2.44
Animalia;Arthropoda;Insecta;Lepidoptera;Lycaenidae	""	0.81
Plantae;NA;Florideophyceae;Rhodymeniales;Rhodymeniaceae;Botryocladia;Botryocladia sp. GVF-2017a	""	0.81
Animalia;Arthropoda;Maxillopoda;Sessilia;Balanidae;Balanus;Balanus glandula	""	1.63
Animalia;Annelida;Polychaeta;Terebellida;Sternaspidae;Sternaspis;Sternaspis fossor	""	0.81
Animalia;Arthropoda;Maxillopoda;Sessilia;Chthamalidae;Chthamalus;Chthamalus dalli	""	0.81
Fungi;Basidiomycota;Agaricomycetes;Boletales;Suillaceae;Suillus	""	0.81
Animalia;Arthropoda;Maxillopoda;Sessilia;Tetraclitidae;Tetraclita;Tetraclita rubescens	""	0.81
Chromista;Bacillariophyta;Bacillariophyceae;Naviculales;Naviculaceae;Mayamaea;Mayamaea permitis	""	1.63
Animalia;Rotifera;Monogononta;Ploima;Brachionidae	Rotifers	1.63
Animalia;Cnidaria;Hydrozoa;Anthoathecata;Bougainvilliidae;Bougainvillia;Bougainvillia superciliaris	""	0.81
Animalia;Echinodermata;Holothuroidea;Aspidochirotida;Stichopodidae;Parastichopus;Parastichopus californicus	Sea cucumbers	5.69
Animalia;Cnidaria;Scyphozoa;Semaeostomeae;Ulmaridae;Aurelia	""	1.63
Animalia;Arthropoda;Insecta;Hymenoptera;Figitidae	""	1.63
Animalia;Chordata;Actinopteri;Uranoscopiformes;Ammodytidae;Ammodytes;Ammodytes cf. personatus SVT-2013	Sand-eels	0.81
Animalia;Arthropoda;Malacostraca;Decapoda;Palinuridae	Furry lobsters	0.81
Animalia;Annelida;Polychaeta;Capitellida;Maldanidae;Axiothella;Axiothella rubrocincta	""	0.81
Animalia;Arthropoda;Insecta;Lepidoptera;Nymphalidae;Pteronymia;Pteronymia primula	""	0.81
Animalia;Mollusca;Bivalvia;Veneroida;Tellinidae;Macoma;Macoma nasuta	Bent-nose macoma	3.25
Animalia;Chordata;Actinopteri;Perciformes;Cottidae;Scorpaenichthys;Scorpaenichthys marmoratus	""	0.81
Animalia;Mollusca;Gastropoda;NA;Muricidae	""	0.81
Plantae;NA;Florideophyceae;Gigartinales;Gigartinaceae;Mazzaella;Mazzaella parksii	""	0.81
Animalia;Arthropoda;Maxillopoda;Poecilostomatoida;Splanchnotrophidae;Ismaila;Ismaila chaihuiensis	Arthropod	0.81
Chromista;NA;Dinophyceae;Gonyaulacales;Gonyaulacaceae;NA;Gonyaulacaceae sp. S4-82	""	0.81
Plantae;Chlorophyta;Trebouxiophyceae;Microthamniales;NA;Trebouxia;Trebouxia aggregata	""	0.81
Animalia;Arthropoda;Maxillopoda;Calanoida;Tharybidae;Tharybis;Tharybis groenlandica	""	0.81
Animalia;Arthropoda;Malacostraca;Decapoda;Epialtidae;Pugettia;Pugettia producta	""	1.63
Animalia;Arthropoda;Arachnida	""	0.81
Animalia;Arthropoda;Maxillopoda;Calanoida;Clausocalanidae;Pseudocalanus;Pseudocalanus mimus	Calanoid Copepods	0.81
Animalia;Chordata;Actinopteri;Perciformes;Cottidae;Icelinus;Icelinus borealis	Northern sculpin	2.44
Animalia;Echinodermata;Crinoidea;Comatulida;Aporometridae;Aporometra	""	0.81
Chromista;Phaeophyceae;NA;Laminariales	""	0.81
Animalia;Arthropoda;Malacostraca;Decapoda;Xanthidae	""	1.63
Animalia;Arthropoda;Insecta;Hymenoptera;Braconidae	""	1.63
Animalia;Mollusca;Gastropoda;Nudibranchia;Dotidae;Doto;Doto amyra	""	0.81
Animalia;Arthropoda;Insecta;Lepidoptera;Papilionidae;Troides	""	0.81
Animalia;Arthropoda;Insecta;Lepidoptera;Saturniidae;Antheraea;Antheraea kelimutuensis	""	0.81
Animalia;Porifera;Demospongiae;Suberitida	""	1.63
Animalia;Arthropoda;Insecta;Lepidoptera;Pyralidae	""	0.81
Animalia;Porifera;Demospongiae;Dendroceratida	""	0.81
Animalia;Chordata;Ascidiacea;Enterogona;Perophoridae;Perophora;Perophora sagamiensis	""	0.81
Fungi;Basidiomycota;Agaricomycetes;Boletales;Boletaceae	""	0.81
Plantae;Chlorophyta;Mamiellophyceae;Dolichomastigales;Dolichomastigaceae;Dolichomastix;Dolichomastix tenuilepis	Green algae	1.63
Animalia;Annelida;Polychaeta;Terebellida;Terebellidae	""	1.63
Animalia;Mollusca;Gastropoda;NA;Limapontiidae;Aplysiopsis;Aplysiopsis enteromorphae	Gastropods	0.81
Animalia;Arthropoda;Maxillopoda;Siphonostomatoida;Caligidae;Lepeophtheirus;Lepeophtheirus salmonis	""	0.81
Animalia;Arthropoda;Arachnida;Oribatida;Ceratozetidae;Diapterobates	""	2.44
Animalia;Chordata;Amphibia;Caudata;Hynobiidae	""	0.81
Animalia;Xenacoelomorpha;Acoela;NA;Isodiametridae;Archaphanostoma;Archaphanostoma macrospiriferum	""	0.81
Animalia;Mollusca;Gastropoda;Stylommatophora;Ariophantidae;Everettia	""	0.81
NA;Xanthophyceae	""	0.81
Animalia;Entoprocta;NA;NA;Loxosomatidae;Loxosomella	""	0.81
Animalia;Cnidaria;Anthozoa;Actiniaria;Actiniidae;Urticina	Anemones	3.25
Chromista;NA;Oomycetes;Peronosporales;NA;Phytophthora;Phytophthora megasperma	""	0.81
Animalia;Arthropoda;Malacostraca;Euphausiacea;Euphausiidae;Euphausia	Euphausiids	0.81
Animalia;Arthropoda;Insecta;Coleoptera;Carabidae;Duvalius	""	0.81
Animalia;Mollusca;Gastropoda;NA;Cocculinidae	""	0.81
Animalia;Arthropoda;Insecta;Diptera;Mydidae;Rhaphiomidas	""	0.81
Animalia;Arthropoda;Collembola;NA;Entomobryidae	""	0.81
Animalia;Mollusca;Gastropoda;NA;Ovulidae	""	0.81
Animalia;Annelida;Polychaeta;Capitellida;Scalibregmatidae;Scalibregma;Scalibregma inflatum CMC03	Paddle-footed annelids	2.44
Animalia;Mollusca;Gastropoda;NA;Margaritidae;Margarites;Margarites pupillus	""	1.63
Plantae;NA;Florideophyceae;Gigartinales;Solieriaceae;Sarcodiotheca;Sarcodiotheca sp. 2gaudichaudii	""	1.63
Chromista;NA;Chrysophyceae	""	0.81
Animalia;Arthropoda;Insecta;Lepidoptera;Erebidae;Cisthene;Cisthene plumbea	""	0.81
Animalia;Arthropoda;Insecta;Lepidoptera;Geometridae;Hydriomena	""	0.81
Animalia;Arthropoda;Insecta;Hymenoptera;Braconidae;Microplitis	""	0.81
Animalia;Annelida;Polychaeta;Phascolosomatiformes;Phascolosomatidae;Phascolosoma	Phascolosomatids	0.81
Fungi;Ascomycota;Leotiomycetes;NA;NA;Leohumicola	Asco's	0.81
Animalia;Mollusca;Gastropoda;NA;Pachychilidae;Brotia;Brotia torquata	""	0.81
Plantae;NA;Florideophyceae;Ceramiales;Rhodomelaceae;Xiphosiphonia;Xiphosiphonia pennata	""	0.81
Plantae;NA;Florideophyceae;Ceramiales;Ceramiaceae;Microcladia	""	1.63
Animalia;Arthropoda;Arachnida;Trombidiformes;Torrenticolidae;Torrenticola;Torrenticola sp. BOLD:AAN9097	""	0.81
Chromista;NA;Oomycetes;Pythiales;Pythiaceae;Pythium;Pythium insidiosum	""	0.81
Animalia;Arthropoda;Insecta;Hemiptera;Cicadidae;Palapsalta	""	0.81
Animalia;Chordata;Actinopteri;Anabantiformes;Channidae;Channa	""	0.81
Chromista;Bacillariophyta;Bacillariophyceae;Bacillariales;Bacillariaceae;Nitzschia;Nitzschia sp. BOLD:AAO7110	Diatoms	0.81
Animalia;Cnidaria;Hydrozoa;Anthoathecata;Corymorphidae;Corymorpha	""	0.81
Animalia;Arthropoda;Insecta;Diptera;Tephritidae;Rhagoletis	""	0.81
Animalia;Arthropoda;Arachnida;Araneae;Antrodiaetidae;Atypoides;Atypoides riversi	""	1.63
Animalia;Arthropoda;Malacostraca;Decapoda;Epialtidae;Pugettia;Pugettia gracilis	""	0.81
Chromista;Bacillariophyta;Coscinodiscophyceae;Thalassiosirales;Stephanodiscaceae;Cyclotella;Cyclotella cryptica	Diatoms	2.44
Animalia;Echinodermata;Ophiuroidea;Ophiurida;Ophiactidae;Ophiopholis;Ophiopholis kennerlyi	""	0.81
Animalia;Arthropoda;Insecta;Hymenoptera;Halictidae;Corynura	""	0.81
Animalia;Arthropoda;Insecta;Lepidoptera;Thyrididae	""	0.81
Animalia;Cnidaria;Hydrozoa;Leptothecata;Campanulariidae;Clytia;Clytia hemisphaerica	""	0.81
Animalia;Arthropoda;Insecta;Hymenoptera;Pamphiliidae	""	0.81
Chromista;Phaeophyceae;NA;Fucales;Fucaceae;Fucus	""	1.63
Animalia;Mollusca;Cephalopoda;Teuthida	""	0.81
Animalia;Arthropoda;Malacostraca;Amphipoda;Ischyroceridae;Ericthonius;Ericthonius brasiliensis	""	0.81
Animalia;Porifera;Demospongiae;Biemnida;Biemnidae;Biemna;Biemna variantia	""	0.81
Animalia;Annelida;Polychaeta;Phyllodocida;Polynoidae;Malmgreniella;Malmgreniella nigralba	""	0.81
Animalia;Bryozoa;Gymnolaemata;Cheilostomatida;Hippothoidae;Celleporella;Celleporella hyalina	""	3.25
Animalia;Mollusca;Gastropoda;NA;Cyclophoridae;Japonia	""	0.81
Animalia;Chordata;Mammalia;Chiroptera	""	0.81
Animalia;Chordata;Amphibia;Anura;Microhylidae;Albericus	""	0.81
Animalia;Annelida;Polychaeta;Terebellida;Ampharetidae;NA;Ampharetidae sp. BOLD:AAG7386	""	0.81
Plantae;NA;Florideophyceae;Gigartinales;Kallymeniaceae;Salishia;Salishia firma	""	0.81
Animalia;Arthropoda;Insecta;Hemiptera;Cicadidae	""	0.81
Animalia;Nemertea;Anopla;Heteronemertea;Riseriellidae;Riserius;Riserius pugetensis	""	0.81
Animalia;Arthropoda;Maxillopoda;Calanoida;Clausocalanidae;Pseudocalanus;Pseudocalanus acuspes	Calanoid Copepods	0.81
Animalia;Arthropoda;Insecta;Diptera;Culicidae;Anopheles	""	0.81
Animalia;Arthropoda;Maxillopoda;Cyclopoida	Cyclopoid Copepods	0.81
Animalia;Arthropoda;Branchiopoda;Diplostraca;Daphniidae;Ceriodaphnia;Ceriodaphnia dubia	Water flea	0.81
Animalia;Echinodermata;Holothuroidea;Aspidochirotida;Stichopodidae	""	0.81
Animalia;Arthropoda;Insecta;Diptera;Culicidae;Aedes;Aedes albopictus	""	1.63
Animalia;Chordata;Actinopteri;Pleuronectiformes;Pleuronectidae;Psettichthys;Psettichthys melanostictus	""	1.63
Animalia;Arthropoda;Insecta;Coleoptera;Curculionidae	""	1.63
Animalia;Arthropoda;Insecta;Ephemeroptera;Leptohyphidae	""	0.81
Animalia;Mollusca;Polyplacophora;Neoloricata;Callistoplacidae;Callistochiton	""	0.81
Animalia;Arthropoda;Insecta;Hemiptera;Cicadellidae;Latalus;Latalus sp. BOLD-2016	""	0.81
Animalia;Cnidaria;Anthozoa;Pennatulacea;Pennatulidae;Ptilosarcus;Ptilosarcus gurneyi	""	0.81
Animalia;Chordata;Actinopteri;Siluriformes;Bagridae;Mystus	""	0.81
Fungi;Ascomycota;Sordariomycetes;Sordariales	""	0.81
Animalia;Arthropoda;Insecta;Lepidoptera;Crambidae	""	0.81
Animalia;Nemertea;Enopla;Monostilifera;Oerstediidae;Oerstedia;Oerstedia verae	""	0.81
Chromista;Phaeophyceae;NA;Ectocarpales;Chordariaceae;Dictyosiphon;Dictyosiphon sp. 3GWS	""	0.81
Chromista;Bacillariophyta;Bacillariophyceae;Naviculales;Naviculaceae;Navicula	""	1.63
Animalia;Annelida;Polychaeta;Golfingiida	""	0.81
Animalia;Chordata;Actinopteri;Gadiformes;Macrouridae;Coryphaenoides;Coryphaenoides carminifer	""	0.81
Animalia;Annelida;Clitellata;Haplotaxida;Tubificidae	Aquatic oligochaete worm	0.81
Animalia;Arthropoda;Diplopoda;Julida;Julidae;Brachyiulus;Brachyiulus bagnalli	Juliform millipedes	0.81
Chromista;NA;Dinophyceae;Peridiniales;Pfiesteriaceae;NA;Pfiesteriaceae sp. CCMP1971	""	1.63
Animalia;Annelida;Polychaeta;Phascolosomatiformes;Phascolosomatidae;Phascolosoma;Phascolosoma agassizii	Agassiz'z peanut worm	1.63
Animalia;Arthropoda;Maxillopoda;Sessilia;Archaeobalanidae;Semibalanus;Semibalanus cariosus	Thatched barnacle	0.81
Animalia;Mollusca;Bivalvia;Nuculoida;Nuculidae;Ennucula;Ennucula tenuis	""	0.81
Animalia;Arthropoda;Insecta;Trichoptera;Polycentropodidae;Plectrocnemia	""	1.63
Plantae;NA;Florideophyceae;Gigartinales	""	0.81
Animalia;Arthropoda;Arachnida;Araneae;Nicodamidae;Megadictyna	""	0.81
Animalia;Arthropoda;Insecta;Diptera;Sciaridae;NA;Sciaridae sp. BOLD:ACL2522	""	0.81
Plantae;NA;Florideophyceae;Ahnfeltiales;Ahnfeltiaceae;Ahnfeltia;Ahnfeltia fastigiata	""	0.81
Animalia;Arthropoda;Arachnida;Araneae;Sicariidae;Sicarius;Sicarius cariri	""	0.81
Animalia;Arthropoda;Insecta;Plecoptera;Gripopterygidae;Riekoperla	""	0.81
Animalia;Echinodermata;Asteroidea;Forcipulatida;Asteriidae;Evasterias;Evasterias troschelii	""	0.81
Animalia;Echinodermata;Ophiuroidea;Ophiurida;Ophiuridae	""	0.81
Animalia;Annelida;Polychaeta;Sabellida;Sabellidae;NA;Sabellidae sp. CMC01	""	0.81
Animalia;Mollusca;Gastropoda;NA;Cyclophoridae;Cyclophorus;Cyclophorus volvulus	""	1.63
Fungi;Ascomycota;Leotiomycetes;Helotiales;Chaetomellaceae;Synchaetomella;Synchaetomella acerina	Asco's	0.81
Animalia;Arthropoda;Insecta;Phthiraptera	""	0.81
Animalia;Arthropoda;Insecta;Odonata	""	1.63
Animalia;Annelida;Polychaeta;Terebellida;Terebellidae;Nicolea;Nicolea zostericola	""	0.81
Plantae;NA;Florideophyceae;Corallinales;Corallinaceae;Neogoniolithon;Neogoniolithon brassica-florida	""	0.81
Animalia;Arthropoda;Insecta;Hemiptera;Aphididae;Uroleucon	""	0.81
Chromista;NA;Oomycetes;Peronosporales;Peronosporaceae;Peronospora	""	0.81
Plantae;NA;Florideophyceae;Gigartinales;Kallymeniaceae;Psaromenia;Psaromenia sp. 1LH	""	0.81
Chromista;Bacillariophyta;Bacillariophyceae;Naviculales;Sellaphoraceae;Fallacia;Fallacia sp. Baikal_260	""	0.81
Animalia;Annelida;Polychaeta;Eunicida;Eunicidae;Eunice;Eunice valens	Paddle-footed annelids	1.63
Animalia;Arthropoda;Insecta;Lepidoptera;NA;NA;Lepidoptera sp. BOLD:AAA0276	""	1.63
Chromista;Bacillariophyta;Bacillariophyceae;Bacillariales;Bacillariaceae;Nitzschia;Nitzschia cf. recta RT-2009	""	0.81
Animalia;Nemertea;Palaeonemertea;NA;Tubulanidae;Tubulanus;Tubulanus sexlineatus	""	0.81
Plantae;Chlorophyta;Chlorodendrophyceae;Chlorodendrales;Chlorodendraceae;Tetraselmis	""	1.63
Fungi;Basidiomycota;Pucciniomycetes;Pucciniales;Melampsoraceae;Melampsora;Melampsora occidentalis	Rust Fungi	0.81
Animalia;Annelida;Polychaeta;NA;Orbiniidae;Scoloplos	""	0.81
Animalia;Arthropoda;Insecta;Hemiptera;Cicadellidae	""	1.63
Animalia;Mollusca;Gastropoda;NA;Eulimidae;Melanella;Melanella thersites	Urchin-snails	0.81
Animalia;Arthropoda;Insecta;Hymenoptera;Formicidae	""	1.63
Plantae;Streptophyta	""	0.81
Plantae;NA;Florideophyceae;Halymeniales;Halymeniaceae	""	0.81
Animalia;Cnidaria;Anthozoa;Alcyonacea;Spongiodermidae	""	0.81
Animalia;Mollusca;Bivalvia;Ostreoida;Ostreidae;Crassostrea;Crassostrea gigas	Pacific cupped oyster	0.81
Animalia;Arthropoda;Arachnida;Araneae;Philodromidae;Thanatus;Thanatus striatus	""	0.81
Animalia;Mollusca;Cephalopoda;Octopoda;Octopodidae	""	0.81
Animalia;Arthropoda;Arachnida;Oribatida;Brachychthoniidae	""	0.81
Animalia;Porifera;Homoscleromorpha;Homosclerophorida;Plakinidae;Corticium;Corticium candelabrum	""	0.81
Animalia;Chordata;Mammalia;NA;Bovidae	Bovine	0.81
Animalia;Echinodermata;Ophiuroidea	""	0.81
Animalia;Arthropoda;Insecta;Lepidoptera;Geometridae;Perizoma	""	0.81
Chromista;Phaeophyceae;NA;Ectocarpales;Chordariaceae;Myrionema;Myrionema balticum	""	0.81
Animalia;Porifera;Demospongiae;Dendroceratida;Halisarcidae;Halisarca;Halisarca dujardini	""	0.81
Plantae;NA;Florideophyceae;Ceramiales;Rhodomelaceae;Pterosiphonia;Pterosiphonia bipinnata	""	1.63
Animalia;Nemertea;Anopla;Heteronemertea;Lineidae;Lineus;Lineus sp. 1 TCH-2015	""	0.81
Animalia;Annelida;Polychaeta;Terebellida;Ampharetidae;Ampharete;Ampharete finmarchica	""	0.81
Animalia;Arthropoda;Insecta;Plecoptera;Chloroperlidae;Chloroperla;Chloroperla kosarovi	""	0.81
Chromista;Bacillariophyta;Coscinodiscophyceae;Thalassiosirales;Skeletonemataceae;Skeletonema;Skeletonema potamos	""	0.81
Animalia;Arthropoda;Insecta;Hymenoptera;Braconidae;Dolichogenidea	""	0.81
Animalia;Chordata;Mammalia;Chiroptera;Molossidae;Chaerephon;Chaerephon pumilus	""	0.81
Animalia;Arthropoda;Malacostraca;Amphipoda;Pontoporeiidae;Bathyporeia	""	0.81
Animalia;Arthropoda;Malacostraca;Isopoda;Armadillidiidae;Armadillidium	Pill Bugs	0.81
Animalia;Arthropoda;Branchiopoda;Diplostraca;Daphniidae;Ceriodaphnia	Clam shrimp	0.81
Animalia;Chordata;Aves	""	0.81
Animalia;Mollusca;Bivalvia;Pectinoida;Pectinidae;Mimachlamys	""	0.81
Animalia;Arthropoda;Maxillopoda;Sessilia;Balanidae;Balanus;Balanus balanus	Rough barnacle	2.44
Animalia;Arthropoda;Insecta;Hymenoptera;Cynipidae	""	0.81
Fungi;Ascomycota;Taphrinomycetes;Taphrinales;Taphrinaceae;Taphrina;Taphrina wiesneri	Cherry Leaf Curl	1.63
Fungi;Ascomycota;Sordariomycetes;Hypocreales;Nectriaceae;Thelonectria;Thelonectria veuillotiana	""	0.81
Animalia;Arthropoda;Arachnida;Mesostigmata;Digamasellidae;NA;Digamasellidae sp. BOLD:ACO1017	""	0.81
Chromista;NA;Dinophyceae;Gonyaulacales;Amphidomataceae;Azadinium;Azadinium caudatum	""	0.81
Animalia;Chordata;Actinopteri;Cypriniformes;Cyprinidae;Notropis	""	0.81
Animalia;Arthropoda;Insecta;Lepidoptera;Oecophoridae;Borkhausenia;Borkhausenia catochopis	""	0.81
Animalia;Mollusca;Gastropoda;NA;Calliostomatidae;Calliostoma;Calliostoma ligatum	""	0.81
Animalia;Arthropoda;Insecta;Lepidoptera;NA;NA;Lepidoptera sp. BOLD:AAU0257	""	0.81
Animalia;Arthropoda;Insecta;Hemiptera;Diaspididae;Aspidiotus;Aspidiotus nerii	Oleander scale	0.81
Animalia;Mollusca;Gastropoda;Stylommatophora;Orthalicidae;Plekocheilus	""	0.81
Animalia;Arthropoda;Insecta;Diptera;Tabanidae;Catachlorops;Catachlorops rufescens	Horse flies	1.63
Chromista;NA;Dinophyceae;Suessiales;Symbiodiniaceae;Symbiodinium;Symbiodinium sp. clade E	""	0.81
Animalia;Arthropoda;Insecta;Hemiptera;Cicadidae;Cicadidae gen. cicadJanzen01;Cicadidae gen. cicadJanzen01 sp. Janzen01	""	0.81
Plantae;NA;Florideophyceae;Gigartinales;Kallymeniaceae;Euthora;Euthora cristata	""	0.81
Animalia;Cnidaria;Cubozoa;Carybdeida;Tamoyidae;Tamoya	""	0.81
Animalia;Chordata;Aves;Passeriformes	""	1.63
Animalia;Arthropoda;Insecta;Diptera;Sciaridae	""	1.63
Animalia;Arthropoda;Insecta;Ephemeroptera;Heptageniidae;Atopopus;Atopopus tarsalis	""	0.81
Animalia;Mollusca;Gastropoda;Stylommatophora;Helicarionidae;Ubiquitarion;Ubiquitarion iridis	""	1.63
Animalia;Arthropoda;Insecta;Diptera;Culicidae;Anopheles;Anopheles beklemishevi	""	0.81
Fungi;Ascomycota;Sordariomycetes;Hypocreales;Ophiocordycipitaceae;Hirsutella	""	0.81
Animalia;Arthropoda;Insecta;Coleoptera;Scarabaeidae;Phanaeus	""	0.81
Animalia;Arthropoda;Insecta;Lepidoptera;Hesperiidae	""	0.81
Animalia;Chordata;Actinopteri;Pleuronectiformes;Pleuronectidae;Platichthys;Platichthys stellatus	""	0.81
Animalia;Chordata;Actinopteri;Osmeriformes;Osmeridae;Hypomesus;Hypomesus pretiosus	Surf Smelt	0.81
Animalia;Mollusca;Cephalopoda	""	1.63
Animalia;Arthropoda;Insecta;Coleoptera;Lampyridae;Photinus;Photinus australis	""	0.81
Animalia;Arthropoda;Maxillopoda;Calanoida;Centropagidae;Centropages;Centropages abdominalis	Calanoid Copepods	0.81
Animalia;Chordata;Mammalia;NA;Bovidae;Bos	Cattle	1.63
Animalia;Mollusca;Gastropoda;NA;Columbellidae;Alia;Alia gausapata	Dovesnail	0.81
Animalia;Arthropoda;Insecta;Hymenoptera;Pamphiliidae;Pamphilius	""	0.81
Animalia;Annelida;Clitellata;Haplotaxida	""	0.81
Chromista;NA;Dinophyceae;Lophodiniales;Lophodiniaceae;Woloszynskia;Woloszynskia sp. S8-39	""	0.81
Animalia;Mollusca;Gastropoda;NA;Conidae	""	0.81
Animalia;Echinodermata;Holothuroidea;Dendrochirotida;Phyllophoridae;Pentamera;Pentamera lissoplaca	""	0.81
Animalia;Chordata;Ascidiacea;Stolidobranchia;Pyuridae;Microcosmus	""	0.81
Animalia;Arthropoda;Insecta;Hemiptera;Cicadidae;Cicadetta;Cicadetta montana	""	0.81
Animalia;Arthropoda;Insecta;Diptera;Mycetophilidae	Fungus Gnat	1.63
Animalia;Arthropoda;Insecta;Lepidoptera;Tortricidae;Lobesia;Lobesia sp. BOLD:ACO0243	""	0.81
Animalia;Mollusca;Polyplacophora;Neoloricata;Mopaliidae;Cryptochiton;Cryptochiton stelleri	""	1.63
Animalia;Chordata;Actinopteri;Gadiformes;Gadidae;Microgadus;Microgadus proximus	""	0.81
Animalia;Mollusca;Gastropoda;NA;Hermaeidae;Hermaea;Hermaea oliviae	Gastropods	0.81
Animalia;Arthropoda;Insecta;Coleoptera;Hydraenidae;Ochthebius;Ochthebius ferroi	""	0.81
Plantae;NA;Florideophyceae;Acrochaetiales;Acrochaetiaceae;Acrochaetium;Acrochaetium plumosum	Plants	1.63
Plantae;NA;Florideophyceae;Corallinales;Corallinaceae	""	0.81
Animalia;Cnidaria;Anthozoa;Scleractinia	""	0.81
Animalia;Arthropoda;Insecta;Hymenoptera;Braconidae;NA;Microgastrinae sp. CGTURK-0909	""	0.81
Plantae;NA;Florideophyceae;Ceramiales;Ceramiaceae;Corallophila;Corallophila eatoniana	""	1.63
Animalia;Arthropoda;Insecta;Lepidoptera;Hesperiidae;Hesperiidae gen. hespjanzen01;Hesperiidae gen. hespJanzen01 sp. Janzen52	""	0.81
Fungi;Basidiomycota	""	0.81
Animalia;Arthropoda;Arachnida;Araneae;Nesticidae;Nesticella	""	0.81
Animalia;Arthropoda;Insecta;Ephemeroptera;Heptageniidae	""	0.81
Animalia;Arthropoda;Maxillopoda;Calanoida;Euchaetidae;Paraeuchaeta;Paraeuchaeta barbata	""	0.81
Animalia;Chordata;Actinopteri;Clupeiformes;Clupeidae;Clupea	""	0.81
Plantae;NA;Florideophyceae;Gigartinales;Gigartinaceae	""	0.81
Animalia;Chordata;Aves;Pelecaniformes;Phalacrocoracidae;Nannopterum	""	0.81
Animalia;Arthropoda;Maxillopoda;Calanoida;Paracalanidae;Paracalanus;Paracalanus sp. B AC-2013	""	0.81
Animalia;Chordata;Actinopteri;Blenniiformes;Blenniidae	""	0.81
Chromista;NA;Dinophyceae;Gonyaulacales;Gonyaulacaceae;Alexandrium;Alexandrium concavum	""	0.81
Animalia;Arthropoda;Insecta;Odonata;Libellulidae;Pantala;Pantala flavescens	""	0.81
Chromista;Bacillariophyta;Bacillariophyceae;Bacillariales;Bacillariaceae;Nitzschia;Nitzschia palea	Diatoms	0.81
Fungi;Ascomycota;Eurotiomycetes;Eurotiales;Aspergillaceae;Aspergillus;Aspergillus terreus	""	0.81
Animalia;Chordata;Mammalia;Primates	""	0.81
Animalia;Arthropoda;Insecta;Coleoptera;Staphylinidae;Stenus	""	1.63
Fungi;Ascomycota;Eurotiomycetes;Eurotiales;Aspergillaceae;Aspergillus;Aspergillus versicolor	""	0.81
Animalia;Arthropoda;Malacostraca;Decapoda;Xanthidae;Garthiope	""	0.81
Animalia;Arthropoda;Chilopoda;Geophilomorpha	""	0.81
Animalia;Mollusca;Gastropoda;Stylommatophora;Rhytididae;Powelliphanta	""	0.81
Animalia;Mollusca;Gastropoda;NA;Trochidae;Cantharidus	""	0.81
Animalia;Echinodermata;Holothuroidea;Aspidochirotida;Holothuriidae;Bohadschia	""	0.81
Animalia;Cnidaria;Hydrozoa;Siphonophorae;Agalmatidae;Nanomia;Nanomia cara	""	0.81
Animalia;Cnidaria;Hydrozoa;Anthoathecata;Hydridae;Hydra	""	0.81
Animalia;Arthropoda;Insecta;Lepidoptera;Gracillariidae;Phyllocnistis	""	0.81
Animalia;Arthropoda;Arachnida;Araneae;Euctenizidae;Promyrmekiaphila	""	0.81
Animalia;Arthropoda;Arachnida;Araneae;Tetragnathidae;Tetragnatha	""	0.81
Animalia;Arthropoda;Malacostraca;Decapoda;Penaeidae;Farfantepenaeus	""	0.81
Animalia;Arthropoda;Malacostraca;Amphipoda;Metacrangonyctidae;Metacrangonyx	""	0.81
Chromista;Phaeophyceae;NA;Ectocarpales;Scytosiphonaceae;Petalonia;Petalonia fascia	""	0.81
Chromista;NA;Dinophyceae;Prorocentrales;Prorocentraceae;Prorocentrum;Prorocentrum sp. IRTA002	""	0.81
Chromista;NA;Oomycetes;Anisolpidiales;Anisolpidiaceae;Anisolpidium;Anisolpidium ectocarpii	""	0.81
Animalia;Arthropoda;Insecta;Hymenoptera;Colletidae	""	0.81
Animalia;Cnidaria;Scyphozoa	""	0.81
Animalia;Mollusca;Gastropoda;NA;Limapontiidae;Alderia;Alderia modesta	""	0.81
Animalia;Chordata;Actinopteri;NA;Sciaenidae	""	0.81
Animalia;Chordata;Amphibia;Anura;Leptodactylidae;Physalaemus;Physalaemus centralis	""	0.81
Animalia;Annelida;Clitellata;Arhynchobdellida	""	0.81
