taxonomy,number_of_samples_observed,total_reads_observed_across_dataset
Animalia;Arthropoda;Arachnida;Oribatida;Brachychthoniidae,1,1
Chromista;Phaeophyceae;NA;Laminariales;Laminariaceae;Nereocystis;Nereocystis luetkeana,6,6
Animalia;Arthropoda;Pycnogonida,1,1
Chromista;NA;Dinophyceae;Peridiniales;Thoracosphaeraceae;Scrippsiella;Scrippsiella trochoidea,11,11
Animalia;Annelida;Polychaeta;Spionida;Chaetopteridae;Phyllochaetopterus;Phyllochaetopterus prolifica,1,1
Animalia;Cnidaria;Anthozoa;Pennatulacea;Pennatulidae;Ptilosarcus;Ptilosarcus gurneyi,1,1
Animalia;Chordata;Mammalia;Primates;Hominidae;Homo;Homo sapiens,113,125115
Animalia;Annelida;Polychaeta;Terebellida;Terebellidae;Eupolymnia;Eupolymnia heterobranchia,1,1
Animalia;Chordata;Aves;Charadriiformes;Scolopacidae;Gallinago,1,1
Fungi;Ascomycota;Sordariomycetes;Hypocreales;Nectriaceae;Fusarium,2,2
Chromista;NA;Katablepharidophyta;NA;Katablepharidaceae;Leucocryptos;Leucocryptos marina,1,1
Animalia;Arthropoda;Malacostraca;Decapoda;Hymenosomatidae,1,1
Animalia;Arthropoda;Insecta;Lepidoptera;Geometridae,1,1
Animalia;Arthropoda;Malacostraca;Decapoda,7,7
Animalia;Arthropoda;Arachnida;Mesostigmata;Digamasellidae;NA;Digamasellidae sp. BOLD:ACO1017,1,1
Plantae;Chlorophyta;Mamiellophyceae;Mamiellales;Mamiellaceae;Micromonas;Micromonas pusilla,2,2
Plantae;NA;Florideophyceae;Ceramiales;Ceramiaceae;Pterothamnion;Pterothamnion sp. 4GWS,3,3
Animalia;Porifera;Homoscleromorpha;Homosclerophorida;Plakinidae;Oscarella;Oscarella pearsei,1,1
Animalia;Arthropoda;Insecta;Plecoptera;Chloroperlidae;Chloroperla;Chloroperla kosarovi,1,1
Animalia;Arthropoda;Insecta;Trichoptera;Hydropsychidae;Cheumatopsyche;Cheumatopsyche sp. XZ CN1,1,1
Chromista;NA;Dinophyceae;Prorocentrales;Prorocentraceae;Prorocentrum;Prorocentrum micans,6,6
Animalia;Porifera;Homoscleromorpha;Homosclerophorida;Plakinidae,7,7
NA;Eustigmatophyceae,3,3
Fungi;Ascomycota;Sordariomycetes;Hypocreales;Hypocreaceae;Trichoderma,1,1
Animalia;Arthropoda;Insecta;Lepidoptera;Gracillariidae;Caloptilia,1,1
Animalia;Arthropoda;Malacostraca;Decapoda;Pinnotheridae;Calyptraeotheres,1,1
Animalia;Cnidaria;Scyphozoa;Semaeostomeae,4,4
Animalia;Arthropoda;Insecta;Coleoptera;Curculionidae,2,2
Chromista;Phaeophyceae;NA;Fucales;Fucaceae;Fucus,2,2
Animalia;Xenacoelomorpha;Acoela;NA;Isodiametridae;Archaphanostoma;Archaphanostoma macrospiriferum,1,1
Animalia;Chordata;Aves;Passeriformes;Petroicidae;Poecilodryas;Poecilodryas albonotata,1,1
Animalia;Annelida;Clitellata;Rhynchobdellida,1,1
Animalia;Arthropoda;Insecta;Diptera;Tephritidae;Rhagoletis,1,1
Fungi;Ascomycota;Eurotiomycetes;Eurotiales;Aspergillaceae;Aspergillus;Aspergillus versicolor,1,1
Animalia;Chordata;Actinopteri;Pleuronectiformes;Pleuronectidae;Psettichthys;Psettichthys melanostictus,1,1
Animalia;Annelida;Polychaeta;Phyllodocida;Nereididae;Platynereis;Platynereis sp. CMC02,3,3
Chromista;NA;Dinophyceae;Peridiniales;Thoracosphaeraceae;Scrippsiella;Scrippsiella sp. CCMP2775,1,1
Animalia;Arthropoda;Insecta;Hymenoptera;Formicidae;Linepithema;Linepithema humile,1,1
Animalia;Arthropoda;Malacostraca;Decapoda;Epialtidae;Pugettia;Pugettia producta,1,1
Animalia;Arthropoda;Insecta;Hymenoptera;Argidae;Arge,1,1
Chromista;Bacillariophyta;Coscinodiscophyceae;Thalassiosirales;Skeletonemataceae;Skeletonema;Skeletonema potamos,1,1
Animalia;Arthropoda;Arachnida;Mesostigmata;Digamasellidae;NA;Digamasellidae sp. BOLD:ACG9322,1,1
Animalia;Arthropoda;Insecta;Coleoptera;Carabidae;Duvalius,1,1
Animalia;Arthropoda;Insecta;Diptera;Chironomidae;Chironomus;Chironomus cf. decorus BOLD:AAB7030,1,1
Animalia;Annelida;Polychaeta;Phyllodocida;Polynoidae;Arctonoe;Arctonoe pulchra,1,1
Animalia;Arthropoda;Collembola;NA;Entomobryidae,1,1
Plantae;NA;Florideophyceae;Gigartinales;Gigartinaceae;Mazzaella;Mazzaella parksii,1,1
Chromista;Bacillariophyta;Coscinodiscophyceae;Melosirales;Stephanopyxidaceae;Stephanopyxis;Stephanopyxis turris,5,5
Plantae;NA;Florideophyceae;Gigartinales;Kallymeniaceae;Euthora;Euthora cristata,1,1
Chromista;Phaeophyceae;NA;Ectocarpales,4,4
Animalia;Arthropoda;Malacostraca;Decapoda;Penaeidae;Farfantepenaeus,1,1
Chromista;Bacillariophyta;Coscinodiscophyceae;Chaetocerotales;Chaetocerotaceae;Chaetoceros;Chaetoceros socialis,2,2
Plantae;NA;Florideophyceae;Rhodymeniales,1,1
Animalia;Arthropoda;Insecta;Hemiptera;Reduviidae;Euagoras,1,1
Animalia;Cnidaria;Hydrozoa;Leptothecata;Campanulariidae,12,12
Chromista;Bacillariophyta;Bacillariophyceae;Bacillariales;Bacillariaceae;Nitzschia;Nitzschia inconspicua,5,5
Animalia;Echinodermata;Ophiuroidea;Ophiurida,1,1
Animalia;Mollusca;Bivalvia;Veneroida;Cardiidae;Clinocardium;Clinocardium nuttallii,2,2
Animalia;Chordata;Aves;Passeriformes;NA;Pseudobias;Pseudobias wardi,1,1
Animalia;Porifera;Demospongiae;Clionaida;Clionaidae;Cliona,7,7
Animalia;Arthropoda;Maxillopoda;Cyclopoida;Cyclopidae,1,1
Animalia;Annelida;Polychaeta;Phyllodocida;Glyceridae;Glycera;Glycera sp. CMC03,2,2
Animalia;Arthropoda;Insecta;Diptera;Culicidae;Aedes;Aedes albopictus,2,2
Animalia;Arthropoda;Insecta;Diptera;Agromyzidae;NA;Agromyzidae sp. BOLD-2016,1,1
Bacteria;Proteobacteria;Alphaproteobacteria;Pelagibacterales;Pelagibacteraceae;Candidatus Pelagibacter,10,10
Animalia;Chordata;Actinopteri;Gadiformes;Gadidae;Microgadus;Microgadus proximus,1,1
Animalia;Cnidaria;Anthozoa;Pennatulacea,4,4
Animalia;Arthropoda;Insecta;Coleoptera;Scarabaeidae;Phyllophaga;Phyllophaga marginalis,2,2
Animalia;Chordata;Ascidiacea;Stolidobranchia;Styelidae;Styela;Styela gibbsii,4,4
Protozoa;NA;Heterolobosea;Schizopyrenida;Vahlkampfiidae,1,1
Chromista;NA;Oomycetes;Peronosporales,1,1
Animalia;Cnidaria;Hydrozoa;Anthoathecata;Bougainvilliidae,4,4
Chromista;NA;Dinophyceae;Gymnodiniales;Gymnodiniaceae,7,7
Animalia;Arthropoda;Insecta;Orthoptera;Acrididae;Dociostaurus;Dociostaurus jagoi,1,1
Animalia;Rotifera;Monogononta;Ploima,8,8
Animalia;Arthropoda;Insecta;Hemiptera;Cicadidae,1,1
Animalia;Arthropoda;Insecta;Hymenoptera;Colletidae,1,1
Animalia;Arthropoda;Insecta;Lepidoptera;Lycaenidae,1,1
Animalia;Annelida;Polychaeta;Spionida;Spionidae;Polydora,1,1
Animalia;Mollusca;Gastropoda;NA;Haliotidae;Haliotis,1,1
Chromista;NA;Dinophyceae;Peridiniales;Pfiesteriaceae,6,6
Chromista;NA;Dinophyceae;Prorocentrales;Prorocentraceae;Prorocentrum;Prorocentrum sp. ES18-118,7,7
Animalia;Mollusca;Gastropoda;Thecosomata;Cavoliniidae,1,1
Animalia;Arthropoda;Insecta;Diptera;Tabanidae;Catachlorops;Catachlorops rufescens,1,1
Animalia;Chordata;Aves;Pelecaniformes;Phalacrocoracidae;Nannopterum,1,1
Animalia;Mollusca;Cephalopoda;Octopoda;Octopodidae,1,1
Animalia;Arthropoda;Insecta;Diptera;Cecidomyiidae;NA;Cecidomyiidae sp. BOLD-2016,1,1
Animalia;Arthropoda;Insecta;Diptera;Muscidae;Phaonia,1,1
Animalia;Arthropoda;Arachnida;Araneae;Idiopidae,1,1
Animalia;Arthropoda;Insecta;Coleoptera;Curculionidae;Trigonopterus;Trigonopterus sp. 201 MB-2011,1,1
Plantae;Chlorophyta;NA;Pyramimonadales;NA;Cymbomonas;Cymbomonas tetramitiformis,4,4
Chromista;NA;Dinophyceae;Gonyaulacales;Gonyaulacaceae;Alexandrium,6,6
Animalia;Chordata;Actinopteri;Anabantiformes;Channidae;Channa,1,1
Animalia;Arthropoda;Insecta;Lepidoptera;Noctuidae;Agrotis,1,1
Animalia;Cnidaria;Hydrozoa;Siphonophorae;Agalmatidae;Nanomia;Nanomia cara,1,1
Chromista;Bacillariophyta;Bacillariophyceae;Naviculales;Naviculaceae;Mayamaea;Mayamaea permitis,1,1
Fungi;Ascomycota;Eurotiomycetes;Eurotiales;Aspergillaceae;Aspergillus,8,1239
Animalia;Arthropoda;Arachnida;Mesostigmata;Phytoseiidae,1,1
Plantae;Chlorophyta;NA;NA;Pycnococcaceae;Pseudoscourfieldia;Pseudoscourfieldia marina,2,2
Animalia;Arthropoda;Insecta;Thysanoptera;Phlaeothripidae;Haplothrips;Haplothrips tenuipennis,2,2
Animalia;Arthropoda;Insecta;Blattodea,1,1
Animalia;Annelida;Clitellata;Haplotaxida;Lumbricidae;Bimastos;Bimastos tumidus,1,1
Chromista;NA;Dinophyceae;Gonyaulacales;Gonyaulacaceae;Gonyaulax,7,7
Animalia;Mollusca;Bivalvia;Mytiloida;Mytilidae;Mytilus,2,2
Animalia;Arthropoda;Maxillopoda;Calanoida;Paracalanidae;Paracalanus;Paracalanus sp. C AC-2013,3,3
Animalia;Echinodermata;Holothuroidea;Aspidochirotida;Stichopodidae,1,1
Plantae;NA;Florideophyceae;Nemaliales;Galaxauraceae;Galaxaura;Galaxaura rugosa,3,3
Animalia;Arthropoda;Insecta;Lepidoptera;Pieridae;Zegris;Zegris eupheme,1,1
Animalia;Arthropoda;Insecta;Ephemeroptera,1,1
Animalia;Mollusca;Cephalopoda;Teuthida,1,1
Plantae;NA;Florideophyceae;Gigartinales;Dumontiaceae,1,1
Animalia;Cnidaria;Anthozoa;Pennatulacea;Virgulariidae;Acanthoptilum;Acanthoptilum gracile,3,3
Animalia;Arthropoda;Insecta;Hymenoptera;Ichneumonidae;Thyreodon;Thyreodon sp. BOLD:AAB9977,1,1
Chromista;NA;NA;Phaeocystales;Phaeocystaceae;Phaeocystis;Phaeocystis globosa,3,3
Chromista;Phaeophyceae;NA;Ectocarpales;Chordariaceae;Punctaria;Punctaria latifolia,1,1
Animalia;Chordata;Mammalia;Primates,2,2
Animalia;Mollusca,6,6
Animalia;Arthropoda;Insecta;Hymenoptera,8,8
Fungi;Ascomycota;Sordariomycetes;Hypocreales;Cordycipitaceae,3,4
Animalia;Porifera;Demospongiae;Suberitida;Halichondriidae;Halichondria;Halichondria panicea,4,4
Animalia;Cnidaria;Hydrozoa;Leptothecata;Campanulariidae;Orthopyxis;Orthopyxis integra,3,3
Plantae;NA;Florideophyceae;Bonnemaisoniales;Bonnemaisoniaceae;Asparagopsis,1,1
Plantae;NA;Florideophyceae;Ceramiales;Ceramiaceae;Scagelia;Scagelia occidentale,2,2
Animalia;Mollusca;Gastropoda;NA;Olividae;Agaronia;Agaronia annotata,1,1
Animalia;Bryozoa;Gymnolaemata;Cheilostomatida;Membraniporidae;Membranipora,5,5
Chromista;Bacillariophyta;Bacillariophyceae;Bacillariales;Bacillariaceae;Nitzschia;Nitzschia cf. recta RT-2009,1,1
Animalia;Chordata;Actinopteri;Pleuronectiformes;Pleuronectidae;Platichthys;Platichthys stellatus,1,1
Fungi;Ascomycota;Dothideomycetes;Capnodiales;Cladosporiaceae;Cladosporium;Cladosporium tenuissimum,4,360
Fungi;Ascomycota;Eurotiomycetes;Eurotiales;Aspergillaceae;Penicillium,5,5
Fungi;Basidiomycota;Agaricomycetes;Boletales;Boletaceae,1,1
Fungi;Ascomycota;Eurotiomycetes;Eurotiales;Aspergillaceae;Penicillium;Penicillium sclerotiorum,35,31674
Animalia;Arthropoda;Insecta;Coleoptera;Scarabaeidae;Telura;Telura sp. NLG-2014,1,1
Chromista;NA;Dictyochophyceae;Florenciellales;NA;Pseudochattonella;Pseudochattonella farcimen,3,3
Fungi;Ascomycota;Sordariomycetes;Glomerellales;Plectosphaerellaceae;Verticillium,1,1
Animalia;Arthropoda;Insecta;Hemiptera;Aleyrodidae;Paraleyrodes;Paraleyrodes bondari,1,1
Animalia;Mollusca;Gastropoda;Nudibranchia;Dotidae;Doto;Doto amyra,1,1
Plantae;NA;Florideophyceae;Gigartinales;Kallymeniaceae;Pugetia,5,5
Chromista;Bacillariophyta;Coscinodiscophyceae;Chaetocerotales;Attheyaceae;Attheya;Attheya longicornis,4,4
Animalia;Bryozoa;Gymnolaemata;Cheilostomatida;Hippothoidae;Celleporella;Celleporella hyalina,2,2
Animalia;Mollusca;Gastropoda;NA;Fasciolariidae,2,2
Plantae;NA;Florideophyceae;Gracilariales;Gracilariaceae,3,3
Animalia;Mollusca;Bivalvia;Myoida;Hiatellidae;Panopea;Panopea generosa,2,2
Fungi;Ascomycota;Dothideomycetes;Capnodiales;Cladosporiaceae;Cladosporium;Cladosporium sp. BM-2009-5,2,2
Animalia;Arthropoda;Insecta;Coleoptera;Elateridae;Actenicerus,3,3
Animalia;Chordata;Mammalia;Primates;Hominidae,34,354
NA;Xanthophyceae,1,1
Chromista;NA;Dinophyceae;Peridiniales;Heterocapsaceae;Heterocapsa;Heterocapsa rotundata,5,5
Animalia;Chordata;Actinopteri;Clupeiformes;Clupeidae,2,2
Animalia;Arthropoda;Insecta;Trichoptera;Polycentropodidae;Plectrocnemia,2,2
Animalia;Arthropoda;Insecta;Diptera;Sciaridae,2,2
Plantae;NA;Florideophyceae;Gigartinales;Cystocloniaceae;Rhodophyllis,1,1
Fungi;Ascomycota;Saccharomycetes;Saccharomycetales;Saccharomycetaceae,4,11
Animalia;Arthropoda;Insecta;Hymenoptera;Figitidae,1,1
Animalia;Arthropoda;Insecta;Lepidoptera;Crambidae,1,1
Chromista;Phaeophyceae;NA;Ectocarpales;Chordariaceae;Dictyosiphon;Dictyosiphon sp. 3GWS,1,1
Animalia;Arthropoda;Insecta;Hymenoptera;Braconidae,1,1
Animalia;Mollusca;Bivalvia;Veneroida;Tellinidae;Macoma;Macoma nasuta,2,2
Animalia;Arthropoda;Maxillopoda;Calanoida;Calanidae;Calanus;Calanus pacificus,2,2
Animalia;Arthropoda;Insecta;Diptera;Tachinidae;Tachinidae gen. tachJanzen01;Tachinidae gen. tachJanzen01 sp. Janzen01,1,1
Chromista;NA;Dinophyceae,3,3
Chromista;NA;Dinophyceae;Peridiniales;Ostreopsidaceae,2,2
Chromista;NA;Oomycetes;Pythiales;Pythiaceae;Pythium;Pythium insidiosum,1,1
Fungi;Ascomycota;Sordariomycetes;Sordariales,1,1
Animalia;Arthropoda;Maxillopoda;Siphonostomatoida;Caligidae;Lepeophtheirus;Lepeophtheirus salmonis,1,1
Animalia;Echinodermata;Ophiuroidea;Ophiurida;Amphiuridae;Amphipholis;Amphipholis sp. EACO2,1,1
Chromista;NA;Oomycetes;Peronosporales;NA;Nothophytophthora,1,1
Animalia;Arthropoda;Insecta;Lepidoptera;Lecithoceridae;NA;Lecithoceridae sp. ABV3156,1,1
Animalia;Arthropoda;Insecta;Diptera;Chironomidae,3,3
Animalia;Arthropoda;Insecta;Hymenoptera;Formicidae;Pogonomyrmex,2,2
Animalia;Arthropoda;Insecta;Hemiptera;Cicadidae;Palapsalta,1,1
Animalia;Annelida;Polychaeta;Terebellida,1,1
Chromista;NA;Dinophyceae;Peridiniales,12,12
Animalia;Porifera;Demospongiae;Suberitida,2,2
Animalia;Arthropoda;Malacostraca;Amphipoda;Ischyroceridae;Ericthonius;Ericthonius brasiliensis,1,1
Animalia;Mollusca;Gastropoda;Stylommatophora;Camaenidae;Nanotrachia,1,1
Animalia;Arthropoda;Insecta;Hemiptera;Cicadidae;Cicadetta;Cicadetta montana,1,1
Animalia;Chordata;NA;Squamata;Gekkonidae;Uroplatus,1,1
Animalia;Cnidaria;Hydrozoa;NA;NA;NA;Hydrozoa sp. prey of Macellomenia sp. KMK-2014,1,1
Plantae;NA;Florideophyceae;Gigartinales;Gigartinaceae;Chondracanthus;Chondracanthus corymbiferus,2,2
Animalia;Mollusca;Polyplacophora;Neoloricata;Mopaliidae;Cryptochiton;Cryptochiton stelleri,2,2
Animalia;Mollusca;Gastropoda;Stylommatophora;Helicarionidae;Ubiquitarion;Ubiquitarion iridis,2,2
Animalia;Arthropoda;Arachnida;Araneae;Philodromidae;Thanatus;Thanatus striatus,1,1
Animalia;Arthropoda;Insecta;Hemiptera;Cicadidae;Cicadidae gen. cicadJanzen01;Cicadidae gen. cicadJanzen01 sp. Janzen01,1,1
Animalia;Arthropoda;Insecta;Lepidoptera;Thyrididae,1,1
Fungi;Blastocladiomycota;Blastocladiomycetes;Blastocladiales;Blastocladiaceae;Blastocladiella;Blastocladiella emersonii,2,2
Animalia;Arthropoda,9,9
Plantae;NA;Florideophyceae;Halymeniales;Halymeniaceae;Prionitis;Prionitis sternbergii,1,1
Animalia;Echinodermata;Crinoidea;Comatulida;Aporometridae;Aporometra,1,1
Animalia;Arthropoda;Insecta;Hemiptera;Cicadellidae;Empoasca,1,1
Chromista;NA;Dinophyceae;Peridiniales;Protoperidiniaceae;Protoperidinium;Protoperidinium cf. depressum,4,4
Protozoa;NA;NA;NA;Paramoebidae,5,5
Plantae;Chordata;Actinopteri;Perciformes;Liparidae;Liparis,1,1
Animalia;Mollusca;Gastropoda;NA;Conidae;Conasprella;Conasprella orbignyi,1,1
Animalia;Annelida;Polychaeta;Phyllodocida;Glyceridae;Glycera;Glycera robusta,1,1
Animalia;Arthropoda;Insecta;Lepidoptera;Erebidae;Cisthene;Cisthene plumbea,1,1
Animalia;Mollusca;Bivalvia;Pectinoida;Pectinidae;Mimachlamys,1,1
Animalia;Arthropoda;Maxillopoda;Sessilia;Tetraclitidae;Tetraclita;Tetraclita rubescens,1,1
Plantae;NA;Florideophyceae;Gigartinales;Phyllophoraceae;Stenogramma,3,3
Animalia;Cnidaria;Hydrozoa,18,18
Animalia;Mollusca;Gastropoda;NA;Columbellidae;Columbella,1,1
Plantae;NA;Florideophyceae;Gigartinales;Kallymeniaceae;Callophyllis;Callophyllis edentata,1,1
Animalia;Nemertea;Anopla;Heteronemertea;Cerebratulidae;Cerebratulus;Cerebratulus longiceps,2,2
Animalia;Cnidaria;Hydrozoa;Siphonophorae,2,2
Animalia;Arthropoda;Insecta,4,4
Plantae;NA;Florideophyceae;Ceramiales;Delesseriaceae;Polyneura;Polyneura latissima,2,2
Animalia;Mollusca;Gastropoda;NA;Trochidae;Cantharidus,1,1
Chromista;Bacillariophyta;Coscinodiscophyceae;Thalassiosirales;Thalassiosiraceae;Thalassiosira;Thalassiosira punctigera,1,1
Animalia;Arthropoda;Arachnida;Araneae;Actinopodidae;Missulena,4,4
Plantae;NA;Florideophyceae;Nemastomatales,2,2
Animalia;Arthropoda;Maxillopoda;Sessilia;Balanidae;Balanus;Balanus glandula,2,2
Animalia;Arthropoda;Arachnida;Araneae;Nesticidae;Nesticella,1,1
Animalia;Echinodermata;Echinoidea;Echinoida;Strongylocentrotidae;Strongylocentrotus;Strongylocentrotus droebachiensis,2,2
Plantae;Chlorophyta;NA;NA;Pycnococcaceae,1,1
Animalia;Arthropoda;Insecta;Lepidoptera;Nymphalidae;Pteronymia;Pteronymia primula,1,1
Chromista;NA;Dinophyceae;Gonyaulacales;Gonyaulacaceae;Alexandrium;Alexandrium catenella,2,2
Chromista;Bacillariophyta;Bacillariophyceae;Bacillariales;Bacillariaceae;Nitzschia;Nitzschia cf. promare,1,1
Animalia;Arthropoda;Maxillopoda;Calanoida;Calanidae;Calanus,2,2
Chromista;Bacillariophyta;Bacillariophyceae;Bacillariales;Bacillariaceae;Nitzschia,2,2
Animalia;Cnidaria;Hydrozoa;Anthoathecata;Hydridae;Hydra,1,1
Chromista;NA;Dinophyceae;Prorocentrales;Prorocentraceae;Prorocentrum;Prorocentrum triestinum,3,3
Animalia;Arthropoda;Malacostraca;Amphipoda;Metacrangonyctidae;Metacrangonyx,1,1
Chromista;Bacillariophyta;Mediophyceae;Hemiaulales;Hemiaulaceae;Eucampia;Eucampia zodiacus,4,4
Chromista;Bacillariophyta;Mediophyceae;Triceratiales;Triceratiaceae;Trieres;Trieres chinensis,4,4
Animalia;Arthropoda;Insecta;Hemiptera;Cicadellidae,2,2
Animalia;Arthropoda;Arachnida;Araneae;Nicodamidae;Megadictyna,1,1
Animalia;Chordata;Mammalia;Rodentia;Cricetidae;Akodon;Akodon montensis,1,1
Chromista;NA;Dinophyceae;Peridiniales;Pfiesteriaceae;NA;Pfiesteriaceae sp. CCMP1971,2,2
Animalia;Chordata;Amphibia;Anura;Microhylidae;Albericus,1,1
Animalia;Mollusca;Bivalvia;Mytiloida;Mytilidae;Modiolus;Modiolus modiolus,6,6
Animalia;Annelida;Polychaeta;Capitellida;Maldanidae;Axiothella;Axiothella rubrocincta,1,1
Plantae;NA;Bangiophyceae;Bangiales;Bangiaceae,1,1
Plantae;NA;Florideophyceae;Halymeniales;Halymeniaceae;Halymenia,2,2
Animalia;Annelida;Clitellata;Haplotaxida;Megascolecidae;Metaphire;Metaphire sieboldi,1,1
Chromista;NA;NA;Isochrysidales;Noelaerhabdaceae,6,6
Animalia;Arthropoda;Insecta;Lepidoptera;Sphingidae;Hemaris,1,1
Animalia;Arthropoda;Malacostraca;Decapoda;Astacidae;Austropotamobius;Austropotamobius torrentium,1,1
Chromista;Bacillariophyta;Mediophyceae;Lithodesmiales;Lithodesmiaceae;Ditylum;Ditylum brightwellii,2,2
Animalia;Mollusca;Bivalvia;Nuculoida;Nuculidae,2,2
Animalia;Arthropoda;Insecta;Diptera;Mydidae;Rhaphiomidas,1,1
Animalia;Platyhelminthes;Trematoda;Strigeidida;Schistosomatidae;Schistosoma;Schistosoma turkestanicum,1,1
Chromista;Phaeophyceae;NA;Fucales;Fucaceae;Fucus;Fucus distichus,2,2
Animalia;Arthropoda;Maxillopoda;Calanoida;Euchaetidae;Paraeuchaeta;Paraeuchaeta barbata,1,1
Animalia;Cnidaria;Cubozoa;Carybdeida;Tamoyidae;Tamoya,1,1
Fungi;Ascomycota;Eurotiomycetes;Eurotiales,5,5
Animalia;Chordata;Actinopteri;Blenniiformes;Blenniidae;Blenniella,1,1
Animalia;Rotifera;Monogononta;Ploima;Brachionidae;Brachionus,1,1
Animalia;Rotifera;Monogononta;Ploima;Synchaetidae,8,23
Plantae;NA;Florideophyceae;Gigartinales;Gigartinaceae,1,1
Animalia;Arthropoda;Insecta;Coleoptera;Carabidae,2,2
Animalia;Cnidaria;Hydrozoa;Leptothecata;Campanulariidae;Clytia,2,2
Chromista;NA;Oomycetes;Saprolegniales;Saprolegniaceae,5,5
Animalia;Arthropoda;Chilopoda;Scolopendromorpha;Scolopendridae,1,1
Animalia;Arthropoda;Insecta;Orthoptera;Tettigoniidae;Conanalus;Conanalus pieli,1,1
Chromista;Eustigmatophyceae;NA;Eustigmatales;Monodopsidaceae;Nannochloropsis;Nannochloropsis granulata,2,2
Animalia;Cnidaria;Anthozoa;Actiniaria;Actiniidae;Urticina,2,2
Chromista;NA;Dinophyceae;Prorocentrales;Prorocentraceae;Prorocentrum;Prorocentrum sp. S4-17,5,5
Animalia;Echinodermata;Holothuroidea;Aspidochirotida;Stichopodidae;Parastichopus;Parastichopus californicus,3,3
Animalia;Mollusca;Gastropoda;NA;Cyclophoridae;Japonia,1,1
Fungi;Ascomycota;Lecanoromycetes;Lecanorales;Parmeliaceae,1,1
Fungi;Basidiomycota,6,10
Animalia;Echinodermata;Asteroidea;Velatida;Pterasteridae;Pteraster;Pteraster sp. EAC02,1,1
Animalia;Mollusca;Gastropoda;NA;Margaritidae;Margarites;Margarites pupillus,1,1
Plantae;NA;Florideophyceae;Plocamiales;Plocamiaceae;Plocamium,2,2
Fungi;Ascomycota;Saccharomycetes;Saccharomycetales;Saccharomycetaceae;Saccharomyces;Saccharomyces cerevisiae,1,1
Animalia;Arthropoda;Malacostraca;Amphipoda;Niphargidae;Niphargus;Niphargus rhenorhodanensis,3,5
Animalia;Mollusca;Bivalvia;Veneroida;Veneridae;Nutricola;Nutricola tantilla,6,6
Fungi;Ascomycota;Dothideomycetes;Capnodiales;Cladosporiaceae;Cladosporium;Cladosporium bruhnei,2,2
Animalia;Arthropoda;Insecta;Diptera;Cecidomyiidae,3,3
Eukaryota,1,1
Chromista;Phaeophyceae;NA;Ralfsiales;Mesosporaceae;Mesospora,1,1
Animalia;Cnidaria;Hydrozoa;Anthoathecata;Corymorphidae;Corymorpha,1,1
Animalia;Cnidaria;Hydrozoa;Siphonophorae;Prayidae;Lilyopsis;Lilyopsis fluoracantha,1,1
Animalia;Cnidaria;Hydrozoa;Leptothecata;Campanulariidae;Obelia,3,3
Animalia;Mollusca;Polyplacophora;Neoloricata;Callistoplacidae;Callistochiton,1,1
Plantae;Streptophyta,1,1
Plantae;NA;Florideophyceae;Gigartinales;Kallymeniaceae;Psaromenia;Psaromenia sp. 1LH,1,1
Animalia;Arthropoda;Insecta;Ephemeroptera;Heptageniidae;Rhithrogena;Rhithrogena sp. 19 LV-2010,1,1
Animalia;Arthropoda;Insecta;Hemiptera,9,9
Chromista;NA;Dinophyceae;Peridiniales;Thoracosphaeraceae;Scrippsiella;Scrippsiella sweeneyae,12,12
Animalia;Mollusca;Gastropoda;NA;Trochidae;Lirularia,1,1
Animalia;Arthropoda;Malacostraca;Euphausiacea;Euphausiidae,1,1
Plantae;NA;Florideophyceae,18,18
Chromista;NA;Dinophyceae;Prorocentrales;Prorocentraceae;Prorocentrum;Prorocentrum sp. ES5-50,1,1
Chromista;NA;Dinophyceae;Peridiniales;Peridiniaceae;Peridinium;Peridinium sp. ES18-126,1,1
Animalia;Mollusca;Gastropoda;Nudibranchia;Tritoniidae;Tritonia;Tritonia diomedea,2,2
Chromista;Phaeophyceae;NA;Ectocarpales;Chordariaceae;Microspongium;Microspongium tenuissimum,5,5
Animalia;Chordata;Actinopteri;Gobiiformes;Gobiidae;Coryphopterus,1,1
Animalia;Chordata;Actinopteri;NA;Embiotocidae,1,1
Animalia;Chordata;Aves,1,1
Animalia;Arthropoda;Insecta;Hemiptera;Cicadellidae;Latalus;Latalus sp. BOLD-2016,1,1
Animalia;Echinodermata;Echinoidea;Echinoida;Strongylocentrotidae;Mesocentrotus;Mesocentrotus franciscanus,1,1
Chromista;NA;NA;Isochrysidales;Noelaerhabdaceae;Emiliania;Emiliania huxleyi,1,1
Animalia;Arthropoda;Insecta;Coleoptera;Hydraenidae;Ochthebius;Ochthebius ferroi,1,1
Animalia;Arthropoda;Arachnida;Araneae,10,10
Chromista;NA;Dinophyceae;Gonyaulacales;Gonyaulacaceae;Adenoides;Adenoides eludens,4,4
Plantae;NA;Florideophyceae;Ceramiales;Ceramiaceae;Ptilota;Ptilota filicina,3,3
Animalia;Annelida;Clitellata;Haplotaxida;Megascolecidae;Amynthas,1,1
Chromista;Bacillariophyta;Bacillariophyceae;Naviculales;Pleurosigmataceae;Pleurosigma;Pleurosigma strigosum,3,3
Chromista;Bacillariophyta;Coscinodiscophyceae;Thalassiosirales;Skeletonemataceae;Skeletonema;Skeletonema japonicum,6,6
Animalia;Arthropoda;Insecta;Ephemeroptera;Leptohyphidae;Haplohyphes,5,5
Animalia;Arthropoda;Malacostraca;Decapoda;Xanthidae;Garthiope,1,1
Animalia;Nemertea,3,3
Chromista;Bacillariophyta;Bacillariophyceae;Bacillariales;Bacillariaceae;Pseudo-nitzschia;Pseudo-nitzschia delicatissima,7,7
Bacteria;Bacteroidetes;Flavobacteriia;Flavobacteriales;Flavobacteriaceae;Polaribacter,4,4
Chromista;NA;Dictyochophyceae;Dictyochales;NA;Dictyocha;Dictyocha speculum,5,5
Animalia;Arthropoda;Diplopoda;Chordeumatida;Attemsiidae;Syngonopodium;Syngonopodium cornutum,1,1
Animalia;Annelida;Polychaeta,3,3
Chromista;Bacillariophyta;Bacillariophyceae;Bacillariales;Bacillariaceae;Nitzschia;Nitzschia longissima,1,1
Plantae;NA;Florideophyceae;Ceramiales,3,3
Animalia;Chordata;Actinopteri;Clupeiformes;Clupeidae;Clupea;Clupea pallasii,7,7
Animalia;Porifera;Demospongiae;Dendroceratida;Halisarcidae;Halisarca;Halisarca dujardini,1,1
Animalia;Chordata;Amphibia;Anura,1,1
Animalia;Chordata;Actinopteri;Chaetodontiformes;Chaetodontidae;Chelmon,2,2
Animalia;Arthropoda;Insecta;Diptera;Drosophilidae;Stegana,5,5
Animalia;Arthropoda;Insecta;Coleoptera;Staphylinidae;Stenus,2,2
Animalia;Cnidaria;Hydrozoa;Leptothecata;Campanulariidae;Eucheilota;Eucheilota maculata,1,1
Chromista;NA;Dinophyceae;Peridiniales;Pfiesteriaceae;NA;Pfiesteriaceae sp. CCMP1881,3,3
Plantae;NA;Florideophyceae;Rhodymeniales;Faucheaceae;Gloiocladia;Gloiocladia fryeana,3,3
Plantae;NA;Florideophyceae;Ceramiales;Dasyaceae;Rhodoptilum;Rhodoptilum plumosum,1,1
Animalia;Echinodermata;Ophiuroidea,1,1
Chromista;Bacillariophyta;Bacillariophyceae;Naviculales,6,6
Animalia;Cnidaria;Hydrozoa;NA;NA;NA;Hydrozoa sp. prey of Hypomenia sp. KMK-2014,4,4
Animalia;Arthropoda;Insecta;Lepidoptera;Oecophoridae;Borkhausenia;Borkhausenia catochopis,1,1
Animalia;Chordata;Ascidiacea;Stolidobranchia;Pyuridae;Microcosmus,1,1
Animalia;Mollusca;Bivalvia;Nuculoida;Nuculidae;Ennucula;Ennucula tenuis,1,1
Animalia;Arthropoda;Insecta;Hemiptera;Miridae;Chlamydatus,1,1
Animalia;Annelida;Polychaeta;Golfingiida,1,1
Bacteria;Bacteroidetes;Flavobacteriia;Flavobacteriales;Flavobacteriaceae;Dokdonia;Dokdonia sp. 4H-3-7-5,4,4
Animalia;Arthropoda;Arachnida;Araneae;Euctenizidae;Promyrmekiaphila,1,1
Animalia;Mollusca;Gastropoda;Stylommatophora;Clausiliidae;Carinigera;Carinigera superba,1,1
Animalia;Arthropoda;Insecta;Coleoptera;Chrysomelidae;Metrioidea;Metrioidea sp. JJG301,2,2
Animalia;Arthropoda;Maxillopoda;Sessilia;Balanidae;Balanus,2,2
Animalia;Chordata;Actinopteri;Pleuronectiformes;Pleuronectidae;Pleuronichthys;Pleuronichthys coenosus,1,1
Animalia;Arthropoda;Insecta;Lepidoptera;NA;NA;Lepidoptera sp. BOLD:AAU0257,1,1
Protozoa;NA;NA;Himatismenida;Cochliopodiidae;Cochliopodium,4,58
Animalia;NA;Florideophyceae;Gigartinales;Phyllophoraceae;Ozophora,1,1
Plantae;NA;Florideophyceae;Gigartinales;Kallymeniaceae;Austrokallymenia;Austrokallymenia rosea,3,3
Chromista;Bacillariophyta;Coscinodiscophyceae;Thalassiosirales,6,6
Animalia;Arthropoda;Malacostraca;Decapoda;Callianassidae;Paraglypturus;Paraglypturus tonganus (nomen nudum),1,1
Animalia;Mollusca;Gastropoda;NA;Calliostomatidae;Calliostoma;Calliostoma ligatum,1,1
Animalia;Arthropoda;Insecta;Hymenoptera;Braconidae;Microplitis,1,1
Chromista;NA;Dinophyceae;Gymnodiniales;Gymnodiniaceae;Nusuttodinium;Nusuttodinium aeruginosum,1,1
Animalia;Annelida;Polychaeta;Flabelligerida;Flabelligeridae;Brada;Brada villosa CMC02,1,1
Animalia;Arthropoda;Malacostraca;Decapoda;Oregoniidae;Oregonia;Oregonia gracilis,2,2
Animalia;Mollusca;Gastropoda,24,24
NA;NA;Oomycetes,13,13
Plantae;NA;Florideophyceae;Ceramiales;Rhodomelaceae;Osmundea;Osmundea spectabilis,1,1
Animalia;Arthropoda;Arachnida;Oribatida;Ceratozetidae;Diapterobates,3,3
Animalia;Cnidaria;Scyphozoa;Semaeostomeae;Ulmaridae;Aurelia;Aurelia labiata,2,2
Bacteria;Bacteroidetes;Flavobacteriia;Flavobacteriales;Flavobacteriaceae;Formosa;Formosa sp. Hel1_33_131,2,2
Chromista;NA;Dinophyceae;Peridiniales;Thoracosphaeraceae;Scrippsiella;Scrippsiella precaria,7,7
Animalia;Chordata;Ascidiacea;Enterogona;Perophoridae;Perophora;Perophora sagamiensis,1,1
Fungi;Ascomycota;Sordariomycetes;Hypocreales;NA;Acremonium;Acremonium fuci,1,1
Animalia;Chordata;Actinopteri;Tetraodontiformes;Triacanthidae;Pseudotriacanthus;Pseudotriacanthus strigilifer,1,1
Animalia;Annelida;Polychaeta;Capitellida;Scalibregmatidae;Scalibregma;Scalibregma inflatum CMC03,1,1
Animalia;Echinodermata;Holothuroidea;Dendrochirotida;Phyllophoridae;Pentamera;Pentamera pediparva,2,2
Animalia;Arthropoda;Insecta;Diptera;Agromyzidae;Melanagromyza;Melanagromyza obtusa,4,4
Animalia;Arthropoda;Insecta;Lepidoptera;Papilionidae;Troides,2,2
Animalia;Chordata;Aves;Passeriformes;Sylviidae,1,1
Plantae;NA;Florideophyceae;Gigartinales;Solieriaceae;Sarcodiotheca;Sarcodiotheca sp. 2gaudichaudii,2,2
Animalia;Mollusca;Gastropoda;NA;Terebridae,1,1
Animalia;Cnidaria;Anthozoa;Actiniaria;Metridiidae;Metridium;Metridium senile,6,6
Animalia;Annelida;Clitellata;Haplotaxida,1,1
Chromista;NA;Dinophyceae;Dinophysiales;Dinophysiaceae;Phalacroma;Phalacroma rotundatum,6,6
Animalia;Arthropoda;Malacostraca;Mysida;Mysidae,1,1
Animalia;Arthropoda;Maxillopoda;Calanoida;Acartiidae;Acartia;Acartia californiensis,1,1
Animalia;Arthropoda;Insecta;Diptera;Syrphidae,1,1
Animalia;Arthropoda;Insecta;Hymenoptera;Colletidae;Colletes,1,1
Animalia;Cnidaria;Hydrozoa;Leptothecata,7,7
Animalia;Chordata;Mammalia,7,8037
Animalia;Arthropoda;Arachnida;Araneae;Sicariidae;Sicarius,1,1
Chromista;NA;Dinophyceae;Gonyaulacales;Gonyaulacaceae;NA;Gonyaulacaceae sp. S4-82,1,1
Animalia;Chordata;Actinopteri;Cypriniformes;Cyprinidae;Garra;Garra bicornuta,1,1
Bacteria;Bacteroidetes;Flavobacteriia;Flavobacteriales;Flavobacteriaceae,2,2
Chromista;NA;Dinophyceae;Peridiniales;Oxytoxaceae;Thecadinium;Thecadinium sp. NEPCC 682,2,2
Chromista;Phaeophyceae;NA;Laminariales,1,1
Animalia;Chordata;Actinopteri;Salmoniformes;Salmonidae;Oncorhynchus;Oncorhynchus tshawytscha,1,1
Animalia;Annelida;Polychaeta;Phyllodocida;Glyceridae;Glycera;Glycera capitata,1,1
Animalia;Rotifera;Monogononta,2,2
Chromista;Bacillariophyta;Coscinodiscophyceae;Thalassiosirales;Thalassiosiraceae;Thalassiosira,3,3
Animalia;Arthropoda;Insecta;Lepidoptera;Oecophoridae,1,1
Animalia;Arthropoda;Malacostraca;Amphipoda,5,5
Animalia;Porifera;Demospongiae;Haplosclerida;Chalinidae;Haliclona;Haliclona sp. L GPM-2011,1,1
Animalia;Chordata;Actinopteri;Perciformes;Stichaeidae;Lumpenus;Lumpenus sagitta,1,1
Animalia;Echinodermata;Holothuroidea;Dendrochirotida;Cucumariidae,1,1
Animalia;Arthropoda;Arachnida;Araneae;Dipluridae;Microhexura;Microhexura montivaga,1,1
Animalia;Arthropoda;Insecta;Hymenoptera;Platygastridae,1,1
Animalia;Cnidaria;Hydrozoa;Anthoathecata;Bougainvilliidae;Bougainvillia;Bougainvillia muscus,2,2
Animalia;Cnidaria;Hydrozoa;Anthoathecata;Corynidae;Coryne;Coryne eximia,1,1
Chromista;Phaeophyceae;NA;Fucales,1,1
Animalia;Chordata;Chondrichthyes,1,1
Plantae;NA;Florideophyceae;Ceramiales;Rhodomelaceae,4,4
Plantae;Chlorophyta;Mamiellophyceae;Mamiellales;Bathycoccaceae;Bathycoccus;Bathycoccus prasinos,2,2
Animalia;Chordata;Actinopteri,14,18
Chromista;NA;Dinophyceae;Gonyaulacales;Gonyaulacaceae;Alexandrium;Alexandrium ostenfeldii,2,2
Animalia;Arthropoda;Malacostraca;Amphipoda;Gammaridae;Gammarus,2,2
Animalia;Mollusca;Bivalvia;Veneroida;Veneridae;Compsomyax;Compsomyax subdiaphana,2,2
Animalia;Arthropoda;Insecta;Odonata,2,2
Chromista;NA;Dinophyceae;Peridiniales;NA;NA;Peridiniales sp. B10-2a-Uclulet,3,3
Animalia;Arthropoda;Maxillopoda,3,3
Bacteria;Proteobacteria;Gammaproteobacteria;Vibrionales;Vibrionaceae;Photobacterium;Photobacterium profundum,5,5
Plantae;NA;Florideophyceae;Plocamiales;Plocamiaceae,1,1
Fungi;Ascomycota;Leotiomycetes;Helotiales,2,2
Chromista;Bacillariophyta;Bacillariophyceae;Bacillariales;Bacillariaceae,7,7
Animalia;Xenacoelomorpha;Acoela,3,3
Plantae;NA;Florideophyceae;Gigartinales;Kallymeniaceae;Callophyllis;Callophyllis schneideri,2,2
Animalia;Arthropoda;Malacostraca;Decapoda;Palaemonidae;Macrobrachium,1,1
Animalia;Cnidaria;Hydrozoa;Leptothecata;Sertulariidae;Symplectoscyphus;Symplectoscyphus tricuspidatus,2,2
Chromista;Bacillariophyta;Bacillariophyceae;Naviculales;Sellaphoraceae;Fallacia;Fallacia sp. Baikal_260,1,1
Chromista;NA;Dinophyceae;Prorocentrales;Prorocentraceae;Prorocentrum;Prorocentrum minimum,2,2
Animalia;Arthropoda;Insecta;Coleoptera;Curculionidae;Trigonopterus,1,1
Chromista;Bacillariophyta;Bacillariophyceae;Bacillariales;Bacillariaceae;Cylindrotheca;Cylindrotheca closterium,3,3
Animalia;Mollusca;Gastropoda;NA;Pachychilidae;Tylomelania,1,1
Fungi;Basidiomycota;Agaricomycetes;Boletales;Suillaceae;Suillus,1,1
Animalia;Rotifera;Monogononta;Ploima;Trichocercidae;Trichocerca,1,1
Plantae;Chlorophyta;Trebouxiophyceae;Microthamniales;NA;Trebouxia;Trebouxia aggregata,3,620
Fungi;Ascomycota;Dothideomycetes;Capnodiales;Cladosporiaceae;Cladosporium,39,5069
Chromista;NA;Dinophyceae;Gymnodiniales;Gymnodiniaceae;Gymnodinium;Gymnodinium impudicum,6,6
Fungi;Ascomycota;NA;NA;NA;Tetracladium,1,1
Chromista;NA;Dinophyceae;Lophodiniales;Lophodiniaceae;Woloszynskia,6,6
Chromista;NA;Dinophyceae;Prorocentrales;Prorocentraceae;Prorocentrum;Prorocentrum sp. IRTA002,1,1
Chromista;Bacillariophyta;Bacillariophyceae;Bacillariales;Bacillariaceae;Psammodictyon;Psammodictyon panduriforme,1,1
Animalia;Annelida;Polychaeta;Spionida;Spionidae,1,1
Plantae;NA;Florideophyceae;Gigartinales;Peyssonneliaceae;Peyssonnelia;Peyssonnelia sp. 10BC,1,1
Animalia;Porifera;Demospongiae;Poecilosclerida,1,1
Animalia;Arthropoda;Insecta;Coleoptera;Staphylinidae;Quedius,1,1
Animalia;Arthropoda;Insecta;Diptera;Culicidae;Culex;Culex bahamensis,6,390
Plantae;NA;Florideophyceae;Gigartinales;Phyllophoraceae;Stenogramma;Stenogramma rhodymenioides,2,2
Animalia;Arthropoda;Maxillopoda;Calanoida,5,5
Plantae;NA;Florideophyceae;Gigartinales;Gigartinaceae;Mazzaella;Mazzaella californica,1,1
Animalia;Porifera;Demospongiae;Clionaida;Clionaidae;Cliona;Cliona chilensis,5,5
Plantae;NA;Florideophyceae;Ceramiales;Ceramiaceae;Microcladia,1,1
Animalia;Cnidaria;Hydrozoa;Leptothecata;Eirenidae;Eutonina;Eutonina indicans,2,2
Animalia;Arthropoda;Insecta;Diptera,14,14
Chromista;NA;Dinophyceae;Gymnodiniales;Kareniaceae,8,8
Animalia;Arthropoda;Insecta;Lepidoptera;Saturniidae;Antheraea;Antheraea kelimutuensis,1,1
Animalia;Arthropoda;Insecta;Coleoptera;Scarabaeidae;Phanaeus,1,1
Chromista;Eustigmatophyceae;NA;Eustigmatales;Monodopsidaceae;Nannochloropsis,1,1
Animalia;Cnidaria;Anthozoa;Scleractinia,1,1
Animalia;Arthropoda;Malacostraca;Amphipoda;Pontoporeiidae;Bathyporeia,1,1
Animalia;Arthropoda;Malacostraca;Decapoda;Potamidae;Geothelphusa;Geothelphusa sakamotoana,1,1
Fungi;Ascomycota;Sordariomycetes;Hypocreales,17,864
Chromista;NA;Dinophyceae;Dinophysiales;Dinophysiaceae;Dinophysis,6,6
Chromista;Bacillariophyta;Bacillariophyceae;Bacillariales;Bacillariaceae;Pseudo-nitzschia;Pseudo-nitzschia fryxelliana,1,1
Animalia;Mollusca;Gastropoda;NA;Muricidae;Drupa,1,1
Chromista;Bacillariophyta;Coscinodiscophyceae;Coscinodiscales;Coscinodiscaceae;Coscinodiscus;Coscinodiscus wailesii,4,4
Fungi;Ascomycota;Sordariomycetes,2,2
Chromista;Bacillariophyta;Mediophyceae;Cymatosirales;Cymatosiraceae;Minutocellus;Minutocellus polymorphus,1,1
Animalia;Arthropoda;Insecta;Hemiptera;Miridae;Irbisia;Irbisia pacifica,1,1
Animalia;Nemertea;Anopla;Heteronemertea;Lineidae;Micrura;Micrura sp. albocephala,2,2
Plantae;NA;Florideophyceae;Gigartinales;Areschougiaceae;Erythroclonium;Erythroclonium sp. 1angustatum,1,1
Animalia;Cnidaria;Hydrozoa;Anthoathecata;Ptilocodiidae;Thecocodium;Thecocodium quadratum,1,1
Animalia;Mollusca;Gastropoda;Stylommatophora;Rhytididae;Powelliphanta,1,1
Animalia;Arthropoda;Malacostraca;Decapoda;Xanthidae,1,1
Animalia;Arthropoda;Maxillopoda;Calanoida;Acartiidae;Acartia,3,3
Animalia;Arthropoda;Arachnida;Araneae;Theraphosidae;Aphonopelma,1,1
Plantae;Chlorophyta,9,9
Fungi;Ascomycota;Eurotiomycetes;Eurotiales;Aspergillaceae;Penicillium;Penicillium sp. ShG4C,1,1
Chromista;NA;Dinophyceae;Syndiniales;Syndiniaceae;Hematodinium;Hematodinium sp.,4,4
Fungi;Ascomycota;Dothideomycetes;Capnodiales,16,106
Animalia;Arthropoda;Insecta;Lepidoptera;Geometridae;Perizoma,1,1
Fungi;Ascomycota;Leotiomycetes;NA;Pseudeurotiaceae,1,1
Chromista;Phaeophyceae;NA;Ectocarpales;Chordariaceae;Hecatonema;Hecatonema maculans,1,1
Chromista;Bacillariophyta;Bacillariophyceae;Naviculales;Naviculaceae;Navicula,2,2
Animalia;Arthropoda;Arachnida;Scorpiones;Bothriuridae;Brachistosternus,6,6
Chromista;NA;Dinophyceae;Suessiales;Symbiodiniaceae;Symbiodinium;Symbiodinium sp. clade E,1,1
Animalia;Mollusca;Bivalvia;Mytiloida;Mytilidae;Mytilus;Mytilus trossulus,1,1
Chromista;NA;Dinophyceae;Gymnodiniales;Gymnodiniaceae;Akashiwo,2,2
Chromista;NA;Dinophyceae;Peridiniales;Pfiesteriaceae;NA;Pfiesteriaceae sp. CCMP1958,2,2
Animalia;Cnidaria;Scyphozoa;Semaeostomeae;Ulmaridae;Aurelia,2,2
Animalia;Arthropoda;Insecta;Lepidoptera;Hesperiidae;Hesperiidae gen. hespjanzen01;Hesperiidae gen. hespJanzen01 sp. Janzen52,1,1
Animalia;Chordata;Amphibia;Caudata;Hynobiidae,1,1
Plantae;NA;Florideophyceae;Ceramiales;Ceramiaceae;Corallophila;Corallophila eatoniana,2,2
Chromista;NA;Dinophyceae;Gonyaulacales;Amphidomataceae;Azadinium;Azadinium caudatum,1,1
Plantae;NA;Florideophyceae;Ceramiales;Delesseriaceae;Phycodrys,2,2
Fungi;Basidiomycota;Agaricomycetes;Agaricales;Psathyrellaceae;Psathyrella,1,1
Plantae;NA;Florideophyceae;Gigartinales;Gigartinaceae;Mazzaella;Mazzaella rosea,3,3
Plantae;NA;Florideophyceae;Hapalidiales;Hapalidiaceae;Mesophyllum;Mesophyllum alternans,1,1
Animalia;Cnidaria;Anthozoa,1,1
Chromista;Phaeophyceae;NA;Ectocarpales;Scytosiphonaceae;Petalonia;Petalonia fascia,1,1
Animalia;Chordata;Actinopteri;Perciformes;Stichaeidae;Anoplarchus,1,1
Animalia;Porifera;Demospongiae;Dendroceratida,1,1
Animalia;Arthropoda;Diplopoda;Julida;Julidae,2,359
Chromista;NA;Oomycetes;Saprolegniales;Saprolegniaceae;Achlya;Achlya flagellata,1,1
Animalia;Arthropoda;Arachnida;Araneae;Antrodiaetidae;Atypoides;Atypoides riversi,2,2
Animalia;Mollusca;Gastropoda;NA;Ovulidae,1,1
Animalia;Arthropoda;Insecta;Lepidoptera;Oecophoridae;Telocharacta;Telocharacta hemicroca,1,1
Animalia;Arthropoda;Insecta;Lepidoptera;Hesperiidae,1,1
Chromista;NA;Dinophyceae;Peridiniales;Pfiesteriaceae;NA;Pfiesteriaceae sp. CCMP1879,12,12
Animalia;Chordata;Chondrichthyes;Squaliformes;Squalidae;Squalus,2,2
Fungi;Ascomycota;Eurotiomycetes;Eurotiales;Aspergillaceae;Penicillium;Penicillium rubens,1,1
Animalia;Annelida;Polychaeta;Spionida;Cirratulidae;Dodecaceria;Dodecaceria sp. CMC02,2,2
Animalia;Arthropoda;Insecta;Diptera;Phoridae;Megaselia;Megaselia sp. BOLD-2016,1,1
Animalia;Chordata;NA;Squamata,1,1
Fungi;Ascomycota;Eurotiomycetes;Eurotiales;Aspergillaceae;Penicillium;Penicillium adametzii,1,1
Protozoa;NA;NA;Himatismenida;NA;Parvamoeba;Parvamoeba rugata,3,3
Chromista;NA;Oomycetes;Anisolpidiales;Anisolpidiaceae;Anisolpidium;Anisolpidium ectocarpii,1,1
Animalia;Arthropoda;Insecta;Diptera;Sciaridae;NA;Sciaridae sp. BOLD:ACL2522,1,1
Fungi;Ascomycota,50,18707
Chromista;NA;Dinophyceae;Peridiniales;Peridiniaceae;Peridinium;Peridinium sp. ES18-122,1,1
Animalia;Arthropoda;Arachnida;Araneae;Sicariidae;Sicarius;Sicarius cariri,1,1
Fungi;Ascomycota;Sordariomycetes;Hypocreales;Ophiocordycipitaceae;Hirsutella,5,161
Chromista;NA;Dinophyceae;Gymnodiniales;Gymnodiniaceae;Lepidodinium;Lepidodinium chlorophorum,1,1
Animalia;Mollusca;Gastropoda;NA;Cocculinidae,1,1
Animalia;Annelida;Polychaeta;Phyllodocida,1,1
Animalia;Arthropoda;Malacostraca;Decapoda;Majidae;Chionoecetes;Chionoecetes japonicus,1,1
Animalia;Arthropoda;Malacostraca;Amphipoda;Phoxocephalidae,4,4
Animalia;Arthropoda;Insecta;Hymenoptera;Braconidae;Dolichogenidea,1,1
Plantae;NA;Florideophyceae;Ceramiales;Delesseriaceae;Cryptopleura;Cryptopleura ruprechtiana,2,2
Animalia;Porifera;Demospongiae,7,7
Chromista;NA;Dinophyceae;Suessiales;Symbiodiniaceae;Symbiodinium;Symbiodinium sp. CS-158,8,8
Animalia;Arthropoda;Insecta;Coleoptera;Curculionidae;Brachyderes;Brachyderes incanus,1,1
Animalia;Chordata;Actinopteri;Siluriformes;Bagridae;Mystus,1,1
Animalia;Arthropoda;Insecta;Phthiraptera,1,1
Chromista;NA;Dinophyceae;Peridiniales;Pfiesteriaceae;NA;Pfiesteriaceae sp. CCMP1965,1,1
Animalia;Mollusca;Gastropoda;NA;Cyclophoridae;Cyclophorus;Cyclophorus rangunensis,4,4
Animalia;Echinodermata;Holothuroidea;Dendrochirotida;Cucumariidae;Cucumaria;Cucumaria miniata,4,4
Plantae;NA;Florideophyceae;Halymeniales;Halymeniaceae;Grateloupia;Grateloupia sp. GWS-2014,1,1
Animalia;Arthropoda;Arachnida;Araneae;Lycosidae,1,1
Animalia;Arthropoda;Insecta;Diptera;Phoridae,1,1
Plantae;NA;Florideophyceae;Colaconematales;Colaconemataceae;Colaconema,5,5
Animalia;Arthropoda;Insecta;Ephemeroptera;Heptageniidae,1,1
Animalia;Chordata;Actinopteri;Cypriniformes;Cyprinidae;Notropis,1,1
Animalia;Onychophora;NA;NA;Peripatopsidae;Peripatopsis;Peripatopsis clavigera,1,1
Chromista;Phaeophyceae;NA;Ralfsiales;Ralfsiaceae;NA;Ralfsioid sp. 4GWS,1,1
Plantae;NA;Florideophyceae;Ceramiales;Rhodomelaceae;Xiphosiphonia;Xiphosiphonia pennata,1,1
Animalia;Arthropoda;Malacostraca;Decapoda;Aeglidae;Aegla,2,2
Animalia;Annelida;Polychaeta;Phyllodocida;Hesionidae;Oxydromus;Oxydromus pugettensis,1,1
Animalia;Arthropoda;Insecta;Lepidoptera;Crambidae;Pyrausta;Pyrausta ochreicostalis,1,1
Plantae;NA;Florideophyceae;Ceramiales;Ceramiaceae,1,1
Animalia;Arthropoda;Maxillopoda;Sessilia;Chthamalidae;Chthamalus;Chthamalus dalli,1,1
Animalia;Arthropoda;Maxillopoda;Siphonostomatoida;Dirivultidae;Aphotopontius,1,1
Animalia;Chordata;Amphibia;Caudata;Hynobiidae;Hynobius,1,1
Animalia;Mollusca;Gastropoda;Nudibranchia;Onchidorididae;Calycidoris;Calycidoris guentheri,1,1
Animalia;Arthropoda;Insecta;Hymenoptera;Formicidae,2,2
Animalia;Mollusca;Gastropoda;NA;Planorbidae;Bulinus,2,2
Animalia;Arthropoda;Insecta;Hemiptera;Ochteridae;Megochterus;Megochterus occidentalis,1,1
Animalia;Cnidaria;Scyphozoa;Semaeostomeae;Pelagiidae;Pelagia,2,2
Chromista;Bacillariophyta;Coscinodiscophyceae;Chaetocerotales;Chaetocerotaceae;Chaetoceros,5,5
Animalia;Annelida;Polychaeta;NA;Orbiniidae;Leitoscoloplos;Leitoscoloplos pugettensis CMC01,3,3
Plantae;NA;Florideophyceae;Gigartinales;NA;Turnerella,1,1
Chromista;Bacillariophyta;Coscinodiscophyceae;Chaetocerotales;Chaetocerotaceae;Chaetoceros;Chaetoceros sp. 19 LG-2014,3,3
Animalia;Arthropoda;Insecta;Coleoptera;Curculionidae;Acalles;Acalles sonchi,1,1
Animalia;Echinodermata,3,3
Animalia;Arthropoda;Insecta;Lepidoptera;Gracillariidae;Phyllocnistis,1,1
Animalia;Annelida;Polychaeta;Phyllodocida;Hesionidae;Micropodarke;Micropodarke dubia,1,1
Animalia;Arthropoda;Chilopoda;Geophilomorpha,1,1
Animalia;Annelida;Polychaeta;NA;Opheliidae;Ophelina;Ophelina acuminata,1,1
Plantae;NA;Florideophyceae;Corallinales;Corallinaceae;Neogoniolithon,2,2
Animalia;Annelida;Polychaeta;Phyllodocida;Nephtyidae;Bipalponephtys;Bipalponephtys cornuta,3,3
Animalia;Mollusca;Bivalvia;Mytiloida;Mytilidae,3,3
Animalia;Mollusca;Gastropoda;NA;Columbellidae,1,1
Animalia;Annelida;Polychaeta;Eunicida;Eunicidae;Eunice;Eunice valens,1,1
Animalia;Arthropoda;Insecta;Hemiptera;Anthocoridae,1,1
Animalia;Arthropoda;Arachnida;Araneae;Nemesiidae;Calisoga,4,4
Chromista;NA;Dinophyceae;Suessiales;Symbiodiniaceae;Symbiodinium;Symbiodinium sp. clade D,2,2
Chromista;Bacillariophyta;Coscinodiscophyceae;Thalassiosirales;Stephanodiscaceae;Cyclostephanos;Cyclostephanos sp. WTC16,1,1
Animalia;Arthropoda;Insecta;Hymenoptera;Crabronidae,1,1
Animalia;Arthropoda;Insecta;Ephemeroptera;Leptohyphidae,1,1
Bacteria;Bacteroidetes;Flavobacteriia;Flavobacteriales;Flavobacteriaceae;Polaribacter;Polaribacter sp. Hel1_33_78,3,3
Animalia;Arthropoda;Arachnida;Scorpiones,1,1
Animalia;Nemertea;Anopla;Heteronemertea,1,1
Bacteria;Bacteroidetes;Flavobacteriia;Flavobacteriales;Flavobacteriaceae;Formosa;Formosa sp. Hel3_A1_48,2,2
Animalia;Chordata;Amphibia;Anura;Leptodactylidae;Pseudopaludicola;Pseudopaludicola falcipes,1,1
Animalia;Arthropoda;Insecta;Hemiptera;Gerridae,1,1
Animalia;Porifera;Demospongiae;Biemnida;Biemnidae;Biemna;Biemna variantia,1,1
Animalia;Chordata;Actinopteri;Perciformes;Hexagrammidae;Hexagrammos;Hexagrammos decagrammus,2,2
Chromista;Phaeophyceae;NA;Ectocarpales;Chordariaceae;Laminariocolax,2,2
Animalia;Nemertea;Enopla;Monostilifera;Ototyphlonemertidae;Ototyphlonemertes,1,1
Chromista;NA;Raphidophyceae;Chattonellales;Chattonellaceae;Heterosigma;Heterosigma akashiwo,8,8
Animalia;Mollusca;Gastropoda;NA;Conidae;Conus,1,1
Animalia;Arthropoda;Insecta;Hymenoptera;Figitidae;Leptopilina;Leptopilina sp. TK1,2,2
Chromista;NA;Dinophyceae;Gymnodiniales,3,3
Animalia;Arthropoda;Arachnida;Araneae;Archaeidae;Eriauchenius;Eriauchenius sp. 15 HMW-2014,1,1
Animalia;Nemertea;Anopla;Heteronemertea;Lineidae;Maculaura;Maculaura alaskensis,2,2
Animalia;Mollusca;Gastropoda;NA;Ampullariidae,1,1
Animalia;Cnidaria;Hydrozoa;Leptothecata;Aequoreidae;Aequorea;Aequorea sp. MW-2012,1,1
Plantae;NA;Florideophyceae;Halymeniales;Halymeniaceae,1,1
Plantae;NA;Florideophyceae;Ceramiales;Ceramiaceae;Pterothamnion,4,4
Chromista;Bacillariophyta,14,14
Animalia;Mollusca;Gastropoda;NA;Hydrobiidae;Fluviopupa,1,1
Animalia;Arthropoda;Arachnida;Araneae;Selenopidae;Selenops,1,1
Animalia;Arthropoda;Arachnida;Mesostigmata;Urodinychidae;Uroobovella;Uroobovella sp. 2WK,1,1
Animalia;Arthropoda;Insecta;Trichoptera;Philopotamidae;Wormaldia;Wormaldia occipitalis,1,1
Animalia;Mollusca;Gastropoda;NA;Cyclophoridae;Cyclophorus;Cyclophorus volvulus,2,2
Chromista;NA;Dinophyceae;Gymnodiniales;Gymnodiniaceae;Gymnodinium;Gymnodinium sp. NVA/RUS/2008,3,3
Animalia;Mollusca;Gastropoda;NA;Muricidae,1,1
Animalia;Echinodermata;Echinoidea;Echinoida;Strongylocentrotidae,1,1
Chromista;NA;Dinophyceae;Peridiniales;Peridiniaceae;Peridinium,4,4
Plantae;NA;Florideophyceae;Gigartinales;Dumontiaceae;Weeksia;Weeksia coccinea,2,2
Animalia;Arthropoda;Insecta;Hymenoptera;Braconidae;Biroia;Biroia fuscicornis,1,1
Animalia;Chordata;Mammalia;Primates;Hominidae;Homo,3,2281
Protozoa;NA;Ichthyosporea;Ichthyophonida;Amoebidiaceae;Amoebidium;Amoebidium parasiticum,1,1
Animalia;Arthropoda;Insecta;Lepidoptera;NA;NA;Lepidoptera sp. BOLD:AAA0276,2,2
Animalia;Mollusca;Gastropoda;Nudibranchia;Dendronotidae;Melibe,1,1
Animalia;Nemertea;Anopla;Heteronemertea;Cerebratulidae;Cerebratulus;Cerebratulus sp. spade head,4,4
Animalia;Cnidaria;Hydrozoa;Leptothecata;Campanulariidae;Clytia;Clytia sp. JRH-2014,1,1
Animalia;Mollusca;Gastropoda;NA;Muricidae;Purpura,1,1
Animalia;Arthropoda;Maxillopoda;Calanoida;Pseudodiaptomidae;Pseudodiaptomus;Pseudodiaptomus nihonkaiensis,1,1
Animalia;Mollusca;Gastropoda;Stylommatophora;Succineidae;Succinea,1,1
Animalia;Arthropoda;Insecta;Odonata;Libellulidae;Pantala;Pantala flavescens,1,1
Chromista;NA;Oomycetes;Peronosporales;Peronosporaceae,2,2
Animalia;Chordata;Actinopteri;Syngnathiformes;Callionymidae;Synchiropus;Synchiropus papilio,3,3
Fungi;Ascomycota;Saccharomycetes;Saccharomycetales;Saccharomycetaceae;Saccharomyces,2,2
Animalia;Arthropoda;Insecta;Diptera;Drosophilidae,1,1
NA;NA;Labyrinthulomycetes,1,1
Animalia;Arthropoda;Insecta;Coleoptera;Staphylinidae,1,1
Animalia;Chordata;Ascidiacea;Stolidobranchia,2,2
Animalia;Mollusca;Gastropoda;NA;Columbellidae;Amphissa;Amphissa columbiana,3,3
Animalia;Porifera;Homoscleromorpha;Homosclerophorida;Plakinidae;Corticium;Corticium candelabrum,1,1
Animalia;Arthropoda;Insecta;Lepidoptera;Elachistidae;Elachistidae gen. elachbiolep01;Elachistidae gen. elachbiolep01 sp. BioLep833,1,1
Animalia;Mollusca;Bivalvia,2,2
Chromista;NA;Dinophyceae;Peridiniales;Peridiniaceae;Peridinium;Peridinium willei,2,2
Animalia;Arthropoda;Insecta;Hemiptera;Aphididae;Rhopalosiphum;Rhopalosiphum padi,1,1
Chromista;NA;Oomycetes;Peronosporales;NA;Phytophthora,4,4
Animalia;Chordata;Actinopteri;Perciformes;Cottidae;Enophrys;Enophrys bison,1,1
Animalia;Cnidaria;Hydrozoa;Siphonophorae;Diphyidae;Muggiaea;Muggiaea atlantica,4,4
Chromista;Phaeophyceae;NA;Ectocarpales;Ectocarpaceae,5,5
Animalia;Arthropoda;Malacostraca;Decapoda;Varunidae;Pseudograpsus;Pseudograpsus albus,5,5
Animalia;Arthropoda;Arachnida,1,1
Animalia;Mollusca;Gastropoda;NA;Fasciolariidae;Peristernia,1,1
Chromista;NA;Dinophyceae;Gonyaulacales;Gonyaulacaceae;Alexandrium;Alexandrium concavum,1,1
Chromista;NA;Dictyochophyceae;Florenciellales;NA;Pseudochattonella;Pseudochattonella verruculosa,1,1
Chromista;Bacillariophyta;Bacillariophyceae;Bacillariales;Bacillariaceae;Pseudo-nitzschia,2,2
Chromista;Phaeophyceae;NA;Dictyotales;Dictyotaceae;Dictyota,2,2
Animalia;Arthropoda;Arachnida;Araneae;Linyphiidae;Bathyphantes;Bathyphantes approximatus,1,1
Animalia;Chordata;Actinopteri;Blenniiformes;Blenniidae,1,1
Animalia;Echinodermata;Holothuroidea;Dendrochirotida;Cucumariidae;Cucumaria;Cucumaria piperata,1,1
Bacteria;Proteobacteria;Alphaproteobacteria;Pelagibacterales;Pelagibacteraceae;NA;alpha proteobacterium HIMB59,5,5
Animalia;Annelida;Clitellata;Arhynchobdellida,1,1
Animalia;Arthropoda;Insecta;Lepidoptera;Lymantriidae,1,1
Animalia;Arthropoda;Arachnida;Araneae;Linyphiidae,3,3
Animalia;Arthropoda;Insecta;Orthoptera;Acrididae,3,3
Plantae;NA;Florideophyceae;Rhodymeniales;Rhodymeniaceae;Sparlingia;Sparlingia pertusa,2,2
Animalia;Echinodermata;Ophiuroidea;Ophiurida;Amphiuridae;Amphiodia,2,2
Animalia;Arthropoda;Insecta;Coleoptera;Elateridae,10,22
Animalia;Mollusca;Cephalopoda,2,2
Animalia;Arthropoda;Insecta;Hymenoptera;Cynipidae,1,1
Animalia;Echinodermata;Holothuroidea;Apodida;Synaptidae;Leptosynapta;Leptosynapta clarki,1,1
Fungi;Ascomycota;Eurotiomycetes;Eurotiales;Aspergillaceae;Penicillium;Penicillium verrucosum,1,1
Animalia;Mollusca;Gastropoda;NA;Scaphandridae;Scaphander,1,1
Chromista;NA;Oomycetes;Pythiales;Pythiaceae;Pythium;Pythium helicandrum,1,1
Chromista;Bacillariophyta;Coscinodiscophyceae;Thalassiosirales;Skeletonemataceae;Skeletonema,7,7
Chromista;NA;Oomycetes;Saprolegniales;Saprolegniaceae;Leptolegnia;Leptolegnia sp. BOLD:AAX5717,1,1
Plantae;NA;Florideophyceae;Gracilariales;Gracilariaceae;Gracilaria;Gracilaria pacifica,2,2
Chromista;Bacillariophyta;Bacillariophyceae,8,8
Animalia;Nemertea;Palaeonemertea;NA;Tubulanidae;Tubulanus;Tubulanus sp. 1 TCH-2015,1,1
Chromista;NA;Dinophyceae;Gonyaulacales;Goniodomataceae;Gambierdiscus;Gambierdiscus toxicus,2,2
Animalia;Chordata;Actinopteri;Uranoscopiformes;Ammodytidae;Ammodytes,4,4
Animalia;Arthropoda;Insecta;Diptera;Muscidae;Dichaetomyia;Dichaetomyia johannis,1,1
Animalia;Arthropoda;Arachnida;Astigmata,1,1
Animalia;Chordata;Aves;Passeriformes,2,2
Animalia;Arthropoda;Arachnida;Trombidiformes,5,5
Animalia;Arthropoda;Maxillopoda;Sessilia;Chthamalidae;Chthamalus;Chthamalus malayensis,1,1
Animalia;Annelida;Polychaeta;Terebellida;Ampharetidae,1,1
Animalia;Arthropoda;Insecta;Hymenoptera;Pamphiliidae,1,1
Chromista;Phaeophyceae;NA;Ectocarpales;Chordariaceae,8,8
Animalia;Arthropoda;Insecta;Hemiptera;Aphididae;Uroleucon,1,1
Animalia;Chordata;Mammalia;Chiroptera;Molossidae;Chaerephon;Chaerephon pumilus,1,1
Plantae;NA;Florideophyceae;Palmariales;Rhodophysemataceae,1,1
Animalia;Arthropoda;Insecta;Hymenoptera;Braconidae;Apanteles;Apanteles sp. Rodriguez171,1,1
Animalia;Annelida;Clitellata;Haplotaxida;Lumbricidae,1,1
Fungi;Ascomycota;NA;NA;NA;Tetracladium;Tetracladium palmatum,1,1
Bacteria;Proteobacteria;Alphaproteobacteria;Rickettsiales,1,1
Plantae;NA;Florideophyceae;Gigartinales;Phyllophoraceae;Schottera;Schottera nicaeensis,1,1
Animalia;Arthropoda;Insecta;Diptera;Culicidae;Anopheles;Anopheles beklemishevi,1,1
Animalia;Annelida;Polychaeta;Phyllodocida;Pholoidae;Pholoe;Pholoe sp. CMC02,1,1
Plantae;NA;Florideophyceae;Gelidiales,2,2
Protozoa;NA;NA;NA;Vannellidae;Ripella;Ripella decalvata,1,1
Plantae;NA;Florideophyceae;Gigartinales,3,6
Animalia;Annelida;Polychaeta;Golfingiida;Golfingiidae;Thysanocardia;Thysanocardia nigra,1,1
Animalia;Cnidaria;Hydrozoa;Leptothecata;Plumulariidae;Plumularia;Plumularia lagenifera,3,3
Animalia;Arthropoda;Insecta;Plecoptera;Gripopterygidae;Riekoperla,1,1
Animalia;Cnidaria;Scyphozoa;Semaeostomeae;Ulmaridae;Phacellophora;Phacellophora camtschatica,4,4
Chromista;Bacillariophyta;Fragilariophyceae;Fragilariales;Fragilariaceae;Asterionellopsis;Asterionellopsis glacialis,2,2
Chromista;Bacillariophyta;Fragilariophyceae,8,8
Chromista;Phaeophyceae;NA;Ectocarpales;Acinetosporaceae,1,1
Animalia;Mollusca;Gastropoda;NA;Pachychilidae;Brotia;Brotia torquata,1,1
Animalia;Nemertea;Palaeonemertea;NA;Tubulanidae;Tubulanus;Tubulanus sexlineatus,1,1
Animalia;Arthropoda;Malacostraca;Amphipoda;Niphargidae;Niphargus,4,4
Animalia;Annelida;Polychaeta;Terebellida;Terebellidae;Nicolea;Nicolea zostericola,1,1
Animalia;Arthropoda;Malacostraca;Decapoda;Epialtidae;Pugettia;Pugettia gracilis,1,1
Chromista;NA;Dinophyceae;Suessiales;Suessiaceae;Polarella;Polarella glacialis,2,2
Animalia;Arthropoda;Insecta;Lepidoptera;Sesiidae;Negotinthia;Negotinthia hoplisiformis,1,1
Animalia;Arthropoda;Diplopoda;Polydesmida;Polydesmidae;Polydesmus;Polydesmus denticulatus,1,1
Animalia;Annelida;Polychaeta;Phyllodocida;Polynoidae;Lepidonotus;Lepidonotus squamatus CMC01,2,2
Plantae;NA;Florideophyceae;Gelidiales;Pterocladiaceae;Pterocladia;Pterocladia rectangularis,2,2
Plantae;NA;Florideophyceae;Ceramiales;Delesseriaceae;Phycodrys;Phycodrys isabelliae,2,2
Plantae;NA;Florideophyceae;Gigartinales;Peyssonneliaceae;Peyssonnelia;Peyssonnelia sp. 3BC,1,1
Animalia;Annelida;Polychaeta;Terebellida;Terebellidae,2,2
Animalia;Arthropoda;Maxillopoda;Calanoida;Clausocalanidae;Pseudocalanus;Pseudocalanus moultoni,2,2
Animalia;Annelida;Polychaeta;Terebellida;Ampharetidae;Ampharete;Ampharete finmarchica,1,1
Animalia;Arthropoda;Insecta;Diptera;Asilidae;Euscelidia;Euscelidia procula,1,1
Fungi;Ascomycota;Sordariomycetes;Hypocreales;Nectriaceae;Fusarium;Fusarium circinatum,1,1
Animalia;Bryozoa;Gymnolaemata;Cheilostomatida;Membraniporidae;Membranipora;Membranipora membranacea,1,1
Animalia;Mollusca;Gastropoda;Nudibranchia;Onchidorididae;Onchidoris;Onchidoris bilamellata,1,1
Animalia;Arthropoda;Arachnida;Araneae;Antrodiaetidae;Antrodiaetus,1,1
Fungi;Basidiomycota;Agaricomycetes;Agaricales,3,3
Animalia;Arthropoda;Insecta;Hymenoptera;Pamphiliidae;Pamphilius,1,1
Animalia;Arthropoda;Insecta;Diptera;Ceratopogonidae,1,1
Animalia;Arthropoda;Insecta;Diptera;Culicidae;Anopheles,1,1
Chromista;NA;Synurophyceae;Parmales;Triparmaceae;Triparma;Triparma laevis,5,5
Animalia;Arthropoda;Maxillopoda;Calanoida;Paracalanidae;Paracalanus;Paracalanus parvus,7,7
Chromista;NA;Dinophyceae;Suessiales;Symbiodiniaceae;Symbiodinium,19,19
Animalia;Annelida;Polychaeta;Phyllodocida;Nereididae;Alitta;Alitta sp. CMC01,1,1
Fungi;Ascomycota;Sordariomycetes;Ophiostomatales;Ophiostomataceae;Sporothrix;Sporothrix schenckii,1,1
Animalia;Annelida;Polychaeta;Spionida;Spionidae;Laonice;Laonice cirrata CMC01,1,1
Animalia;Arthropoda;Insecta;Coleoptera;Scarabaeidae;Temnoplectron,1,1
Animalia;Echinodermata;Echinoidea;Echinoida;Strongylocentrotidae;Strongylocentrotus,2,2
Chromista;NA;Dinophyceae;Gymnodiniales;Gymnodiniaceae;Gymnodinium;Gymnodinium catenatum,5,5
Animalia;Chordata;Mammalia;Chiroptera,1,1
Animalia;Mollusca;Gastropoda;NA;Lepetidae;Limalepeta;Limalepeta lima,1,1
Chromista;NA;Dinophyceae;Gonyaulacales,15,15
NA;Phaeophyceae,7,7
Animalia;Mollusca;Gastropoda;Stylommatophora;Camaenidae;Torresitrachia;Torresitrachia sp. 'clade cut',2,3
Animalia;Arthropoda;Insecta;Coleoptera;Chrysomelidae;Galeruca;Galeruca rudis,1,1
Chromista;Bacillariophyta;Mediophyceae;Triceratiales;Plagiogrammaceae;Plagiogramma;Plagiogramma sp. IAL-2014a,2,2
Chromista;Bacillariophyta;Fragilariophyceae;Thalassionemales;Thalassionemataceae;Thalassionema;Thalassionema nitzschioides,1,1
Animalia;Arthropoda;Insecta;Coleoptera,11,16
Chromista;Phaeophyceae;NA;Ectocarpales;Ectocarpaceae;Ectocarpus,1,1
Animalia;Chordata;Amphibia;Anura;Leptodactylidae;Physalaemus;Physalaemus centralis,1,1
Animalia;Arthropoda;Insecta;Lepidoptera,24,24
Animalia;Arthropoda;Arachnida;Araneae;Tetragnathidae;Tetragnatha,1,1
Animalia;Arthropoda;Insecta;Diptera;Syrphidae;Toxomerus;Toxomerus costalis,1,1
Animalia;Arthropoda;Insecta;Diptera;Hybotidae,1,1
Animalia;Chordata;Mammalia;NA;Suidae;Sus,3,3
Animalia;Mollusca;Gastropoda;NA;Olividae;Agaronia,2,2
Animalia;Arthropoda;Malacostraca,2,2
Animalia;Mollusca;Bivalvia;Veneroida;Veneridae;Saxidomus;Saxidomus gigantea,3,3
Animalia;Arthropoda;Insecta;Coleoptera;Lampyridae;Photinus;Photinus australis,1,1
Animalia;Arthropoda;Insecta;Ephemeroptera;Heptageniidae;Atopopus;Atopopus tarsalis,1,1
Animalia;Chordata;Actinopteri;Gadiformes;Macrouridae;Coryphaenoides;Coryphaenoides carminifer,1,1
Animalia;Arthropoda;Insecta;Lepidoptera;Gracillariidae;Parornix,1,1
Animalia;Chordata;Aves;Columbiformes;Columbidae,2,2
Animalia;Arthropoda;Arachnida;Trombidiformes;Torrenticolidae;Torrenticola;Torrenticola sp. BOLD:AAN9097,1,1
Chromista;NA;Dinophyceae;Peridiniales;Peridiniaceae;Peridinium;Peridinium sp. ES18-105,3,3
Fungi;Ascomycota;Sordariomycetes;Hypocreales;Nectriaceae,1,1
Chromista;NA;Oomycetes;Pythiales;Pythiaceae;Pythium,5,5
Animalia;Mollusca;Gastropoda;NA;Olividae,1,1
Fungi;Ascomycota;Leotiomycetes,2,2
Animalia;Mollusca;Gastropoda;NA;Lottiidae;Lottia;Lottia paradigitalis,2,2
Animalia;Arthropoda;Insecta;Hemiptera;Triozidae,1,1
Fungi;Basidiomycota;Agaricomycetes,3,3
Chromista;Bacillariophyta;Bacillariophyceae;Bacillariales;Bacillariaceae;Pseudo-nitzschia;Pseudo-nitzschia lundholmiae,1,1
Plantae;NA;Florideophyceae;Gigartinales;Kallymeniaceae;Kallymeniopsis;Kallymeniopsis oblongifructa,2,2
Animalia;Cnidaria;Anthozoa;Alcyonacea;Chrysogorgiidae;Pleurogorgia;Pleurogorgia sp. CSM-2012,1,1
Animalia;Arthropoda;Maxillopoda;Sessilia,2,2
Chromista;Bacillariophyta;Bacillariophyceae;Bacillariales;Bacillariaceae;Pseudo-nitzschia;Pseudo-nitzschia hasleana,2,2
Plantae;NA;Bangiophyceae;Bangiales;Bangiaceae;Pyropia;Pyropia perforata,3,3
Animalia;Arthropoda;Insecta;Trichoptera;Hydroptilidae,2,2
Animalia;Arthropoda;Malacostraca;Euphausiacea;Euphausiidae;Euphausia;Euphausia pacifica,2,2
Animalia;Arthropoda;Maxillopoda;Calanoida;Tharybidae;Tharybis;Tharybis groenlandica,1,1
Animalia;Cnidaria;Anthozoa;Actiniaria,1,1
Chromista;NA;Oomycetes;Peronosporales;Peronosporaceae;Peronospora,1,1
Animalia;Chordata;Chondrichthyes;Chimaeriformes;Chimaeridae;Hydrolagus;Hydrolagus colliei,1,1
Animalia;Echinodermata;Holothuroidea;Aspidochirotida;Holothuriidae;Bohadschia,1,1
Chromista;Bacillariophyta;Coscinodiscophyceae;Thalassiosirales;Thalassiosiraceae;Thalassiosira;Thalassiosira nordenskioeldii,1,1
Animalia;Mollusca;Gastropoda;Stylommatophora;Orthalicidae;Plekocheilus,1,1
Fungi;Ascomycota;Leotiomycetes;NA;NA;Leohumicola;Leohumicola sp. DAOM 239516,1,1
Chromista;NA;Dinophyceae;Gymnodiniales;Kareniaceae;Karlodinium;Karlodinium sp. RS-24,3,3
Plantae;NA;Florideophyceae;Gigartinales;Kallymeniaceae;Callophyllis,4,4
Animalia;Mollusca;Gastropoda;NA;Conidae,1,1
Animalia;Mollusca;Gastropoda;Stylommatophora,8,8
Animalia;Arthropoda;Insecta;Coleoptera;Cerambycidae,1,1
Chromista;NA;Dinophyceae;Peridiniales;Pfiesteriaceae;NA;Pfiesteriaceae sp. CCMP1970,17,17
Animalia;Arthropoda;Insecta;Coleoptera;Curculionidae;Xyleborus;Xyleborus sp. E AIC-2011,1,1
Plantae;NA;Florideophyceae;Nemastomatales;Schizymeniaceae;Schizymenia;Schizymenia pacifica,1,1
Animalia;Cnidaria;Hydrozoa;Leptothecata;Eirenidae;Eutima;Eutima gracilis,1,1
Animalia;Mollusca;Bivalvia;Lucinoida;Thyasiridae;Axinopsida;Axinopsida serricata,1,1
Animalia;Arthropoda;Insecta;Hymenoptera;Vespidae;Vespa;Vespa velutina,1,1
Animalia;Annelida;Clitellata,1,1
Fungi;Ascomycota;Leotiomycetes;Helotiales;Helotiaceae;Glarea;Glarea lozoyensis,1,1
Animalia;Cnidaria;Staurozoa;Stauromedusae;Haliclystidae;Haliclystus;Haliclystus sanjuanensis,2,2
Animalia;Echinodermata;Ophiuroidea;Ophiurida;Amphiuridae;Amphipholis,3,3
Animalia;Arthropoda;Insecta;Lepidoptera;Hepialidae;Triodia;Triodia sylvina,1,1
Animalia;Mollusca;Gastropoda;Nudibranchia;Onchidorididae;Acanthodoris;Acanthodoris nanaimoensis,1,1
Plantae;NA;Florideophyceae;Gigartinales;Gigartinaceae;Mazzaella;Mazzaella sanguinea,1,1
Plantae;NA;Florideophyceae;Corallinales;Corallinaceae;Neogoniolithon;Neogoniolithon brassica-florida,1,1
Animalia;Cnidaria;Scyphozoa,1,1
Fungi;Ascomycota;Sordariomycetes;Hypocreales;Nectriaceae;Fusarium;Fusarium sacchari,1,1
Animalia;Chordata;Actinopteri;Characiformes,1,1
Animalia;Arthropoda;Arachnida;Oribatida,2,2
Animalia;Arthropoda;Insecta;Hymenoptera;Halictidae;Corynura,1,1
Animalia;Cnidaria;Hydrozoa;Anthoathecata;Proboscidactylidae;Proboscidactyla;Proboscidactyla flavicirrata,1,1
Chromista;NA;Dinophyceae;Peridiniales;Heterocapsaceae;Heterocapsa;Heterocapsa triquetra,5,5
Animalia;Arthropoda;Insecta;Hymenoptera;Braconidae;NA;Microgastrinae sp. CGTURK-0909,1,1
Animalia;Nemertea;Palaeonemertea;NA;Cephalothricidae;Cephalothrix,1,1
Animalia;Arthropoda;Insecta;Diptera;Simuliidae;Cnephia,1,1
Animalia;Mollusca;Gastropoda;NA;Lymnaeidae,1,1
Chromista;NA;Dinophyceae;Lophodiniales;Lophodiniaceae;Woloszynskia;Woloszynskia sp. ES1-2,3,3
Bacteria;Proteobacteria;Alphaproteobacteria;Pelagibacterales;Pelagibacteraceae;Candidatus Pelagibacter;Candidatus Pelagibacter sp. IMCC9063,1,1
Chromista;NA;Dinophyceae;Lophodiniales;Lophodiniaceae;Woloszynskia;Woloszynskia sp. S8-39,1,1
Animalia;Arthropoda;Insecta;Diptera;Dolichopodidae,1,1
Animalia;Arthropoda;Insecta;Hemiptera;Miridae,5,5
Animalia;Arthropoda;Maxillopoda;Calanoida;Clausocalanidae;Pseudocalanus,5,5
Animalia;Nemertea;Enopla;Monostilifera;Amphiporidae;Zygonemertes;Zygonemertes sp. 1 TCH-2015,3,3
Chromista;Bacillariophyta;Coscinodiscophyceae;Melosirales;Hyalodiscaceae;Podosira;Podosira stelligera,2,2
Animalia;Arthropoda;Insecta;Lepidoptera;Pyralidae;Orthaga;Orthaga rubridiscalis,2,2
Animalia;Arthropoda;Insecta;Hemiptera;Miridae;NA;Miridae sp. BOLD-2016,1,1
Plantae;NA;Florideophyceae;Gigartinales;Gigartinaceae;Chondracanthus,6,6
Animalia;Chordata;Mammalia;Carnivora;Canidae;Canis;Canis lupus,4,2769
Animalia;Chordata;Mammalia;NA;Suidae,2,2
Plantae;Chlorophyta;Chlorodendrophyceae;Chlorodendrales;Chlorodendraceae;Tetraselmis,2,2
Chromista;NA;Dictyochophyceae;Florenciellales;NA;Pseudochattonella,5,5
Animalia;Chordata;Actinopteri;Gymnotiformes;Apteronotidae,1,1
Animalia;Mollusca;Gastropoda;NA;Lacunidae;Lacuna;Lacuna vincta,1,1
Chromista;NA;Oomycetes;Pythiales;Pythiaceae;Pythium;Pythium sp. AL-2010,1,1
Animalia;Platyhelminthes,1,1
Animalia;Echinodermata;Holothuroidea;Dendrochirotida;Phyllophoridae;Pentamera;Pentamera lissoplaca,1,1
Chromista;Bacillariophyta;Bacillariophyceae;Naviculales;Naviculaceae;Haslea,3,3
Plantae;NA;Florideophyceae;Ahnfeltiales;Ahnfeltiaceae;Ahnfeltia;Ahnfeltia fastigiata,1,1
Animalia;Arthropoda;Maxillopoda;Sessilia;Balanidae;Balanus;Balanus balanus,1,1
Animalia;Arthropoda;Arachnida;Trombidiformes;Eupodidae,1,1
Animalia;Arthropoda;Malacostraca;Decapoda;Portunidae,1,1
Fungi;Mucoromycota;NA;Mortierellales;Mortierellaceae;Mortierella;Mortierella verticillata,1,1
Plantae;NA;Compsopogonophyceae;Erythropeltidales;Erythropeltidaceae;Smithora;Smithora naiadum,9,9
Animalia;Arthropoda;Insecta;Diptera;Chironomidae;Chironomus,2,50
Chromista;NA;Oomycetes;Saprolegniales;Saprolegniaceae;Saprolegnia,2,2
Chromista;Bacillariophyta;Bacillariophyceae;Naviculales;Sellaphoraceae;Sellaphora,1,1
Chromista;Phaeophyceae;NA;Ectocarpales;Chordariaceae;Myrionema;Myrionema balticum,1,1
Plantae;Chlorophyta;Nephroselmidophyceae;NA;NA;Nephroselmis;Nephroselmis pyriformis,1,1
Chromista;Bacillariophyta;Coscinodiscophyceae;Thalassiosirales;Stephanodiscaceae;Cyclotella;Cyclotella cryptica,1,1
Chromista;NA;NA;Phaeocystales;Phaeocystaceae;Phaeocystis,4,4
Animalia;Annelida,1,1
Plantae;NA;Florideophyceae;Gigartinales;Gigartinaceae;Mazzaella,1,1
Chromista;NA;Oomycetes;Peronosporales;NA;Phytopythium;Phytopythium chamaehyphon,2,2
Animalia;Arthropoda;Maxillopoda;Calanoida;Paracalanidae;Paracalanus,7,7
Plantae;NA;Florideophyceae;Gigartinales;Solieriaceae;Sarcodiotheca;Sarcodiotheca furcata,4,4
Chromista;NA;Dinophyceae;Prorocentrales;Prorocentraceae;Prorocentrum,7,7
Plantae;NA;Florideophyceae;Gigartinales;Gigartinaceae;Chondracanthus;Chondracanthus exasperatus,4,4
Chromista;NA;Oomycetes;Peronosporales;NA;Phytophthora;Phytophthora megasperma,1,1
Animalia;Chordata,9,9
