Version 1,"
Note: Blue columns are required, white ones are optional. You can add columns as noted below if needed. ","",_duplicated_0,_duplicated_1,_duplicated_2,_duplicated_3,_duplicated_4,_duplicated_5,_duplicated_6,_duplicated_7,_duplicated_8,_duplicated_9,_duplicated_10,_duplicated_11,_duplicated_12,_duplicated_13,_duplicated_14,_duplicated_15,_duplicated_16,_duplicated_17,_duplicated_18,_duplicated_19,_duplicated_20,_duplicated_21,_duplicated_22,_duplicated_23,_duplicated_24,_duplicated_25,_duplicated_26,_duplicated_27,_duplicated_28,_duplicated_29
,SAMPLE AND SITE DATA,,,,,,,,,TARGET MARKER,,,OPTIONAL ADDITIONAL TARGET MARKERS,,,OPTIONAL ADDITIONAL TARGET MARKERS,,,,,,Fastq Forward ,Fastq Reverse,SUBSTRATE AND OTHER METADATA (OPTIONAL),,,,,,,,
Value,Free format,Free format,Pick from dropdown (click cell to see options),Decimal degree format,Decimal degree format,Use a common format,Pick from dropdown (click cell to see options),Length in base pairs,Pick from dropdown (click cell to see options),Free format,Nucleotide string from this list,Nucleotide string from this list,Free format,Nucleotide string from this list,Nucleotide string from this list,Free format,Nucleotide string from this list,Nucleotide string from this list,,,,Free format,Free format,Free format,Liters,Meters,Free format,,,,,
Description,"(Required)
Enter sample site name

Note: Multiple samples can be taken from the same immediate area and therefore have the same site name.

Enter ""Lab site"" for negative controls.","(Required)
Enter sample name. 

Please use unique values for each sample.","(Required)
Choose one of the following types from the dropdown: Sample, Negative control (a field or lab blank) ","(Required)
Positive latitude values for north heading, negative for south. If no location is associated with a sample, enter a coordinate for the county or state where the samples were collected.  

Leave blank if a control. Optional for experimental samples (Examples: lab, aquarium).","(Required)
Positive longitude values for east headings, negative for west. If no location is associated with a sample, enter a coordinate for the county or state where the samples were collected.

Leave blank if a control. Optional for experimental samples (Examples: lab, aquarium).","(Required)
Enter the date associated with samples, not controls. 

Some common formats: mm/dd/yy, mm-dd-yy, yyyy-mm-dd

Leave blank if a control. ","(Required)
Enter the name of sequencing technology used from one of the dropdown options.

Leave blank if not a sample. ","(Required)
Each read length.
(Examples: 75bp, 100bp, 250bp, 300bp, >300bp)","(Required) 
Enter the adapter type. 
(Examples: TruSeq, Nextera)","(Required)
Enter the name of a target metabarcoding marker. There must be at least one marker described in this spreadsheet for each sample. 

If there are additional markers, each one should be entered separately by adding additional columns to the right (see columns N-P)","(Required)
Enter the FORWARD primer sequence used on the target marker gene. Make sure there are no spaces in the sequence.

There can be multiple rows where the same marker is used but different primers. Only published primer sequences are allowed. Here is a list of primers we currently support but more can be added on request. ","(Required)
Enter the REVERSE primer sequence used on the target marker gene. Make sure there are no spaces in the sequence.

There can be multiple rows where the same marker is used but different primers. Only published primer sequences are allowed. Here is a list of primers we currently support but more can be added on request. ","(Optional)
Use these columns and add others as as needed to include information about each additional marker used in your project. Change the number of the target marker name in the column header to be numbered Marker 2, Marker 3, etc...",,,"(Optional)
Use these columns and add others as as needed to include information about each additional marker used in your project. Change the number of the target marker name in the column header to be numbered Marker 2, Marker 3, etc...",,,,,,"(Required)
Enter the name of the fastq file, from the sequencer, containing the forward reads. We will do all the processing for you. 

If you have multiple files, please concatenate them. Files should be gziipped. Filenames are needed to associate the samples with the metadata.","(Required)
Enter the name of the fastq file, from the sequencer, containing the reverse reads. We will do all the processing for you.

If you have multiple files, please concatenate them.Files should be gziipped.  Filenames are needed to associate the samples with the metadata.","(Optional) 
Enter in the sample substrate using one of the categories in this list or add your own.
(Examples: clay, gravel, ice, water)

Leave blank if a control. ","(Optional)
Enter the number of liters filtered if this is a water sample.
Leave blank if a control. ","(Optional)
Enter in the depth at which the sample was collected.

Leave blank if a control. ","(Optional)
Describe the environmental features of this sample location using one of the options in this list or add your own. This describes the geographic features of the location where the sample was collected. You may add additional environmental feature columns as needed. 
(Examples: enclosed water, slope/slant, rocky shore)","(Optional)
This column can be used to record additional data if desired. It will be displayed along with your project data on your project page. Please add additional columns for other kinds of metadata as needed.","(Optional)
This column can be used to record additional data if desired. It will be displayed along with your project data on your project page. Please add additional columns for other kinds of metadata as needed.","(Optional)
This column can be used to record additional data if desired. It will be displayed along with your project data on your project page. Please add additional columns for other kinds of metadata as needed.",,
Data type,Site,Sample ID,Sample Type,Latitude,Longitude,Sample Date,Sequencing Platform,Sequence Length,Adapter Type,Marker 1,Marker 1 ForwardPS,Marker 1 ReversePS,Marker 2,Marker 2 ForwardPS,Marker 2 ReversePS,Marker 3,Marker 3 ForwardPS,Marker 3 ReversePS,Marker 4,Marker 4 ForwardPS,Marker 4 ReversePS,Fastq Forward Reads Filename,Fastq Reverse Reads Filename,Substrate,Liters filtered (L),Depth (m),Environmental Feature,Additional environmental metadata....,Filter Pore Size (uM),Preservation Method,Running #,Station ID
,Partridge Bank Shoal,JDFB_01_062425,Sample,48.258661,-122.845483,6/24/25,Illumina NextSeq 2000,300,Nextera,18S_Euk,GTACACACCGCCCGTC,TGATCCTTCTGCAGGTTCACCTAC,vert12S,TAGAACAGGCTCCTCTAG,TTAGATACCCCACTATGC,12S_MiFish_U,GTCGGTAAAACTCGTGCCAGC,CATAGTGGGGTATCTAATCCCAGTTTG,CO1_Metazoa,GGWACWGGWTGAACWGTWTAYCCYCC,TANACYTCNGGRTGNCCRAARAAYCA,JDFB_01_062425_R1_001_merged.fastq.gz,JDFB_01_062425_R2_001_merged.fastq.gz,Water ,2.69,3,Kelp Forest,3m grab,1.2,silica gel dessication,1,PBSH
,Partridge Bank North Slope,JDFB_02_062425,Sample,48.265969,-122.840792,6/24/25,Illumina NextSeq 2000,300,Nextera,18S_Euk,GTACACACCGCCCGTC,TGATCCTTCTGCAGGTTCACCTAC,vert12S,TAGAACAGGCTCCTCTAG,TTAGATACCCCACTATGC,12S_MiFish_U,GTCGGTAAAACTCGTGCCAGC,CATAGTGGGGTATCTAATCCCAGTTTG,CO1_Metazoa,GGWACWGGWTGAACWGTWTAYCCYCC,TANACYTCNGGRTGNCCRAARAAYCA,JDFB_02_062425_R1_001_merged.fastq.gz,JDFB_02_062425_R2_001_merged.fastq.gz,Water ,2.55,3,Kelp Forest,3m grab,1.2,silica gel dessication,2,PBN
,Partridge Bank North Slope,JDFB_03_062525,Sample,48.265969,-122.840792,6/25/25,Illumina NextSeq 2000,300,Nextera,18S_Euk,GTACACACCGCCCGTC,TGATCCTTCTGCAGGTTCACCTAC,vert12S,TAGAACAGGCTCCTCTAG,TTAGATACCCCACTATGC,12S_MiFish_U,GTCGGTAAAACTCGTGCCAGC,CATAGTGGGGTATCTAATCCCAGTTTG,CO1_Metazoa,GGWACWGGWTGAACWGTWTAYCCYCC,TANACYTCNGGRTGNCCRAARAAYCA,JDFB_03_062525_R1_001_merged.fastq.gz,JDFB_03_062525_R2_001_merged.fastq.gz,Water ,2,48,Kelp Forest,Rosette cast,1.2,silica gel dessication,3,PBN
,Partridge Bank North Slope,JDFB_04_062525,Sample,48.265969,-122.840792,6/25/25,Illumina NextSeq 2000,300,Nextera,18S_Euk,GTACACACCGCCCGTC,TGATCCTTCTGCAGGTTCACCTAC,vert12S,TAGAACAGGCTCCTCTAG,TTAGATACCCCACTATGC,12S_MiFish_U,GTCGGTAAAACTCGTGCCAGC,CATAGTGGGGTATCTAATCCCAGTTTG,CO1_Metazoa,GGWACWGGWTGAACWGTWTAYCCYCC,TANACYTCNGGRTGNCCRAARAAYCA,JDFB_04_062525_R1_001_merged.fastq.gz,JDFB_04_062525_R2_001_merged.fastq.gz,Water ,2,39,Kelp Forest,Rosette cast,1.2,silica gel dessication,4,PBN
,Partridge Bank North Slope,JDFB_05_062525,Sample,48.265969,-122.840792,6/25/25,Illumina NextSeq 2000,300,Nextera,18S_Euk,GTACACACCGCCCGTC,TGATCCTTCTGCAGGTTCACCTAC,vert12S,TAGAACAGGCTCCTCTAG,TTAGATACCCCACTATGC,12S_MiFish_U,GTCGGTAAAACTCGTGCCAGC,CATAGTGGGGTATCTAATCCCAGTTTG,CO1_Metazoa,GGWACWGGWTGAACWGTWTAYCCYCC,TANACYTCNGGRTGNCCRAARAAYCA,JDFB_05_062525_R1_001_merged.fastq.gz,JDFB_05_062525_R2_001_merged.fastq.gz,Water ,2.01,30,Kelp Forest,Rosette cast,1.2,silica gel dessication,5,PBN
,Partridge Bank North Slope,JDFB_06_062525,Sample,48.265969,-122.840792,6/25/25,Illumina NextSeq 2000,300,Nextera,18S_Euk,GTACACACCGCCCGTC,TGATCCTTCTGCAGGTTCACCTAC,vert12S,TAGAACAGGCTCCTCTAG,TTAGATACCCCACTATGC,12S_MiFish_U,GTCGGTAAAACTCGTGCCAGC,CATAGTGGGGTATCTAATCCCAGTTTG,CO1_Metazoa,GGWACWGGWTGAACWGTWTAYCCYCC,TANACYTCNGGRTGNCCRAARAAYCA,JDFB_06_062525_R1_001_merged.fastq.gz,JDFB_06_062525_R2_001_merged.fastq.gz,Water ,2.04,21,Kelp Forest,Rosette cast,1.2,silica gel dessication,6,PBN
,Partridge Bank North Slope,JDFB_07_062525,Sample,48.265969,-122.840792,6/25/25,Illumina NextSeq 2000,300,Nextera,18S_Euk,GTACACACCGCCCGTC,TGATCCTTCTGCAGGTTCACCTAC,vert12S,TAGAACAGGCTCCTCTAG,TTAGATACCCCACTATGC,12S_MiFish_U,GTCGGTAAAACTCGTGCCAGC,CATAGTGGGGTATCTAATCCCAGTTTG,CO1_Metazoa,GGWACWGGWTGAACWGTWTAYCCYCC,TANACYTCNGGRTGNCCRAARAAYCA,JDFB_07_062525_R1_001_merged.fastq.gz,JDFB_07_062525_R2_001_merged.fastq.gz,Water ,2.02,12,Kelp Forest,Rosette cast,1.2,silica gel dessication,7,PBN
,Partridge Bank North Slope,JDFB_08_062525,Sample,48.265969,-122.840792,6/25/25,Illumina NextSeq 2000,300,Nextera,18S_Euk,GTACACACCGCCCGTC,TGATCCTTCTGCAGGTTCACCTAC,vert12S,TAGAACAGGCTCCTCTAG,TTAGATACCCCACTATGC,12S_MiFish_U,GTCGGTAAAACTCGTGCCAGC,CATAGTGGGGTATCTAATCCCAGTTTG,CO1_Metazoa,GGWACWGGWTGAACWGTWTAYCCYCC,TANACYTCNGGRTGNCCRAARAAYCA,JDFB_08_062525_R1_001_merged.fastq.gz,JDFB_08_062525_R2_001_merged.fastq.gz,Water ,1.99,3,Kelp Forest,Rosette cast,1.2,silica gel dessication,8,PBN
,Partridge Bank Deep Water Between Banks,JDFB_09_062525,Sample,48.290067,-122.840278,6/25/25,Illumina NextSeq 2000,300,Nextera,18S_Euk,GTACACACCGCCCGTC,TGATCCTTCTGCAGGTTCACCTAC,vert12S,TAGAACAGGCTCCTCTAG,TTAGATACCCCACTATGC,12S_MiFish_U,GTCGGTAAAACTCGTGCCAGC,CATAGTGGGGTATCTAATCCCAGTTTG,CO1_Metazoa,GGWACWGGWTGAACWGTWTAYCCYCC,TANACYTCNGGRTGNCCRAARAAYCA,JDFB_09_062525_R1_001_merged.fastq.gz,JDFB_09_062525_R2_001_merged.fastq.gz,Water ,1.99,113,Open Water,Rosette cast; pressure valve left open during deployment. Possible contamination from various depths during ascent,1.2,silica gel dessication,9,DW1
,Partridge Bank Deep Water Between Banks,JDFB_10_062525,Sample,48.290067,-122.840278,6/25/25,Illumina NextSeq 2000,300,Nextera,18S_Euk,GTACACACCGCCCGTC,TGATCCTTCTGCAGGTTCACCTAC,vert12S,TAGAACAGGCTCCTCTAG,TTAGATACCCCACTATGC,12S_MiFish_U,GTCGGTAAAACTCGTGCCAGC,CATAGTGGGGTATCTAATCCCAGTTTG,CO1_Metazoa,GGWACWGGWTGAACWGTWTAYCCYCC,TANACYTCNGGRTGNCCRAARAAYCA,JDFB_10_062525_R1_001_merged.fastq.gz,JDFB_10_062525_R2_001_merged.fastq.gz,Water ,1.98,91,Open Water ,Rosette cast; pressure valve left open during deployment. Possible contamination from various depths during ascent,1.2,silica gel dessication,10,DW1
,Partridge Bank Deep Water Between Banks,JDFB_11_062525,Sample,48.290067,-122.840278,6/25/25,Illumina NextSeq 2000,300,Nextera,18S_Euk,GTACACACCGCCCGTC,TGATCCTTCTGCAGGTTCACCTAC,vert12S,TAGAACAGGCTCCTCTAG,TTAGATACCCCACTATGC,12S_MiFish_U,GTCGGTAAAACTCGTGCCAGC,CATAGTGGGGTATCTAATCCCAGTTTG,CO1_Metazoa,GGWACWGGWTGAACWGTWTAYCCYCC,TANACYTCNGGRTGNCCRAARAAYCA,JDFB_11_062525_R1_001_merged.fastq.gz,JDFB_11_062525_R2_001_merged.fastq.gz,Water ,2.09,69,Open Water,Rosette cast; pressure valve left open during deployment. Possible contamination from various depths during ascent,1.2,silica gel dessication,11,DW1
,Partridge Bank Deep Water Between Banks,JDFB_12_062525,Sample,48.290067,-122.840278,6/25/25,Illumina NextSeq 2000,300,Nextera,18S_Euk,GTACACACCGCCCGTC,TGATCCTTCTGCAGGTTCACCTAC,vert12S,TAGAACAGGCTCCTCTAG,TTAGATACCCCACTATGC,12S_MiFish_U,GTCGGTAAAACTCGTGCCAGC,CATAGTGGGGTATCTAATCCCAGTTTG,CO1_Metazoa,GGWACWGGWTGAACWGTWTAYCCYCC,TANACYTCNGGRTGNCCRAARAAYCA,JDFB_12_062525_R1_001_merged.fastq.gz,JDFB_12_062525_R2_001_merged.fastq.gz,Water ,2.05,47,Open Water,Rosette cast; pressure valve left open during deployment. Possible contamination from various depths during ascent,1.2,silica gel dessication,12,DW1
,Partridge Bank Deep Water Between Banks,JDFB_13_062525,Sample,48.290067,-122.840278,6/25/25,Illumina NextSeq 2000,300,Nextera,18S_Euk,GTACACACCGCCCGTC,TGATCCTTCTGCAGGTTCACCTAC,vert12S,TAGAACAGGCTCCTCTAG,TTAGATACCCCACTATGC,12S_MiFish_U,GTCGGTAAAACTCGTGCCAGC,CATAGTGGGGTATCTAATCCCAGTTTG,CO1_Metazoa,GGWACWGGWTGAACWGTWTAYCCYCC,TANACYTCNGGRTGNCCRAARAAYCA,JDFB_13_062525_R1_001_merged.fastq.gz,JDFB_13_062525_R2_001_merged.fastq.gz,Water ,2.06,25,Open Water ,Rosette cast; pressure valve left open during deployment. Possible contamination from various depths during ascent,1.2,silica gel dessication,13,DW1
,Partridge Bank Deep Water Between Banks,JDFB_14_062525,Sample,48.290067,-122.840278,6/25/25,Illumina NextSeq 2000,300,Nextera,18S_Euk,GTACACACCGCCCGTC,TGATCCTTCTGCAGGTTCACCTAC,vert12S,TAGAACAGGCTCCTCTAG,TTAGATACCCCACTATGC,12S_MiFish_U,GTCGGTAAAACTCGTGCCAGC,CATAGTGGGGTATCTAATCCCAGTTTG,CO1_Metazoa,GGWACWGGWTGAACWGTWTAYCCYCC,TANACYTCNGGRTGNCCRAARAAYCA,JDFB_14_062525_R1_001_merged.fastq.gz,JDFB_14_062525_R2_001_merged.fastq.gz,Water ,2.01,3,Open Water,Rosette cast; pressure valve left open during deployment. Possible contamination from various depths during ascent,1.2,silica gel dessication,14,DW1
,Partridge Bank Kelp Bed South,JDFB_15_062625,Sample,48.255958,-122.839194,6/26/25,Illumina NextSeq 2000,300,Nextera,18S_Euk,GTACACACCGCCCGTC,TGATCCTTCTGCAGGTTCACCTAC,vert12S,TAGAACAGGCTCCTCTAG,TTAGATACCCCACTATGC,12S_MiFish_U,GTCGGTAAAACTCGTGCCAGC,CATAGTGGGGTATCTAATCCCAGTTTG,CO1_Metazoa,GGWACWGGWTGAACWGTWTAYCCYCC,TANACYTCNGGRTGNCCRAARAAYCA,JDFB_15_062625_R1_001_merged.fastq.gz,JDFB_15_062625_R2_001_merged.fastq.gz,Water ,2.06,3,Kelp Forest,3m grab,1.2,silica gel dessication,15,PBKS
,Partridge Bank Kelp Bed North,JDFB_16_062625,Sample,48.268314,-122.862206,6/26/25,Illumina NextSeq 2000,300,Nextera,18S_Euk,GTACACACCGCCCGTC,TGATCCTTCTGCAGGTTCACCTAC,vert12S,TAGAACAGGCTCCTCTAG,TTAGATACCCCACTATGC,12S_MiFish_U,GTCGGTAAAACTCGTGCCAGC,CATAGTGGGGTATCTAATCCCAGTTTG,CO1_Metazoa,GGWACWGGWTGAACWGTWTAYCCYCC,TANACYTCNGGRTGNCCRAARAAYCA,JDFB_16_062625_R1_001_merged.fastq.gz,JDFB_16_062625_R2_001_merged.fastq.gz,Water ,2.16,3,Kelp Forest,3m grab,1.2,silica gel dessication,16,PBKN
,Partridge Bank West Slope,JDFB_17_062625,Sample,48.278567,-122.894003,6/26/25,Illumina NextSeq 2000,300,Nextera,18S_Euk,GTACACACCGCCCGTC,TGATCCTTCTGCAGGTTCACCTAC,vert12S,TAGAACAGGCTCCTCTAG,TTAGATACCCCACTATGC,12S_MiFish_U,GTCGGTAAAACTCGTGCCAGC,CATAGTGGGGTATCTAATCCCAGTTTG,CO1_Metazoa,GGWACWGGWTGAACWGTWTAYCCYCC,TANACYTCNGGRTGNCCRAARAAYCA,JDFB_17_062625_R1_001_merged.fastq.gz,JDFB_17_062625_R2_001_merged.fastq.gz,Water ,2.01,83,Kelp Forest,Rosette Cast,1.2,silica gel dessication,17,PBW
,Partridge Bank West Slope,JDFB_18_062625,Sample,48.278567,-122.894003,6/26/25,Illumina NextSeq 2000,300,Nextera,18S_Euk,GTACACACCGCCCGTC,TGATCCTTCTGCAGGTTCACCTAC,vert12S,TAGAACAGGCTCCTCTAG,TTAGATACCCCACTATGC,12S_MiFish_U,GTCGGTAAAACTCGTGCCAGC,CATAGTGGGGTATCTAATCCCAGTTTG,CO1_Metazoa,GGWACWGGWTGAACWGTWTAYCCYCC,TANACYTCNGGRTGNCCRAARAAYCA,JDFB_18_062625_R1_001_merged.fastq.gz,JDFB_18_062625_R2_001_merged.fastq.gz,Water ,1.97,67,Kelp Forest,Rosette Cast,1.2,silica gel dessication,18,PBW
,Partridge Bank West Slope,JDFB_19_062625,Sample,48.278567,-122.894003,6/26/25,Illumina NextSeq 2000,300,Nextera,18S_Euk,GTACACACCGCCCGTC,TGATCCTTCTGCAGGTTCACCTAC,vert12S,TAGAACAGGCTCCTCTAG,TTAGATACCCCACTATGC,12S_MiFish_U,GTCGGTAAAACTCGTGCCAGC,CATAGTGGGGTATCTAATCCCAGTTTG,CO1_Metazoa,GGWACWGGWTGAACWGTWTAYCCYCC,TANACYTCNGGRTGNCCRAARAAYCA,JDFB_19_062625_R1_001_merged.fastq.gz,JDFB_19_062625_R2_001_merged.fastq.gz,Water ,2.08,51,Kelp Forest,Rosette Cast,1.2,silica gel dessication,19,PBW
,Partridge Bank West Slope,JDFB_20_062625,Sample,48.278567,-122.894003,6/26/25,Illumina NextSeq 2000,300,Nextera,18S_Euk,GTACACACCGCCCGTC,TGATCCTTCTGCAGGTTCACCTAC,vert12S,TAGAACAGGCTCCTCTAG,TTAGATACCCCACTATGC,12S_MiFish_U,GTCGGTAAAACTCGTGCCAGC,CATAGTGGGGTATCTAATCCCAGTTTG,CO1_Metazoa,GGWACWGGWTGAACWGTWTAYCCYCC,TANACYTCNGGRTGNCCRAARAAYCA,JDFB_20_062625_R1_001_merged.fastq.gz,JDFB_20_062625_R2_001_merged.fastq.gz,Water ,2.05,35,Kelp Forest,Rosette Cast,1.2,silica gel dessication,20,PBW
,Partridge Bank West Slope,JDFB_21_062625,Sample,48.278567,-122.894003,6/26/25,Illumina NextSeq 2000,300,Nextera,18S_Euk,GTACACACCGCCCGTC,TGATCCTTCTGCAGGTTCACCTAC,vert12S,TAGAACAGGCTCCTCTAG,TTAGATACCCCACTATGC,12S_MiFish_U,GTCGGTAAAACTCGTGCCAGC,CATAGTGGGGTATCTAATCCCAGTTTG,CO1_Metazoa,GGWACWGGWTGAACWGTWTAYCCYCC,TANACYTCNGGRTGNCCRAARAAYCA,JDFB_21_062625_R1_001_merged.fastq.gz,JDFB_21_062625_R2_001_merged.fastq.gz,Water ,2.07,19,Kelp Forest,Rosette Cast,1.2,silica gel dessication,21,PBW
,Partridge Bank West Slope,JDFB_22_062625,Sample,48.278567,-122.894003,6/26/25,Illumina NextSeq 2000,300,Nextera,18S_Euk,GTACACACCGCCCGTC,TGATCCTTCTGCAGGTTCACCTAC,vert12S,TAGAACAGGCTCCTCTAG,TTAGATACCCCACTATGC,12S_MiFish_U,GTCGGTAAAACTCGTGCCAGC,CATAGTGGGGTATCTAATCCCAGTTTG,CO1_Metazoa,GGWACWGGWTGAACWGTWTAYCCYCC,TANACYTCNGGRTGNCCRAARAAYCA,JDFB_22_062625_R1_001_merged.fastq.gz,JDFB_22_062625_R2_001_merged.fastq.gz,Water ,2.03,3,Kelp Forest,Rosette Cast,1.2,silica gel dessication,22,PBW
,Partridge Bank South Slope,JDFB_23_062625,Sample,48.237678,-122.843642,6/26/25,Illumina NextSeq 2000,300,Nextera,18S_Euk,GTACACACCGCCCGTC,TGATCCTTCTGCAGGTTCACCTAC,vert12S,TAGAACAGGCTCCTCTAG,TTAGATACCCCACTATGC,12S_MiFish_U,GTCGGTAAAACTCGTGCCAGC,CATAGTGGGGTATCTAATCCCAGTTTG,CO1_Metazoa,GGWACWGGWTGAACWGTWTAYCCYCC,TANACYTCNGGRTGNCCRAARAAYCA,JDFB_23_062625_R1_001_merged.fastq.gz,JDFB_23_062625_R2_001_merged.fastq.gz,Water ,2.09,58,Kelp Forest,Rosette Cast,1.2,silica gel dessication,23,PBS
,Partridge Bank South Slope,JDFB_24_062625,Sample,48.237678,-122.843642,6/26/25,Illumina NextSeq 2000,300,Nextera,18S_Euk,GTACACACCGCCCGTC,TGATCCTTCTGCAGGTTCACCTAC,vert12S,TAGAACAGGCTCCTCTAG,TTAGATACCCCACTATGC,12S_MiFish_U,GTCGGTAAAACTCGTGCCAGC,CATAGTGGGGTATCTAATCCCAGTTTG,CO1_Metazoa,GGWACWGGWTGAACWGTWTAYCCYCC,TANACYTCNGGRTGNCCRAARAAYCA,JDFB_24_062625_R1_001_merged.fastq.gz,JDFB_24_062625_R2_001_merged.fastq.gz,Water ,2.1,47,Kelp Forest,Rosette Cast,1.2,silica gel dessication,24,PBS
,Partridge Bank South Slope,JDFB_25_062625,Sample,48.237678,-122.843642,6/26/25,Illumina NextSeq 2000,300,Nextera,18S_Euk,GTACACACCGCCCGTC,TGATCCTTCTGCAGGTTCACCTAC,vert12S,TAGAACAGGCTCCTCTAG,TTAGATACCCCACTATGC,12S_MiFish_U,GTCGGTAAAACTCGTGCCAGC,CATAGTGGGGTATCTAATCCCAGTTTG,CO1_Metazoa,GGWACWGGWTGAACWGTWTAYCCYCC,TANACYTCNGGRTGNCCRAARAAYCA,JDFB_25_062625_R1_001_merged.fastq.gz,JDFB_25_062625_R2_001_merged.fastq.gz,Water ,2.04,47,Kelp Forest,Rosette Cast; technical rep of JDFB_24_062625,1.2,silica gel dessication,25,PBS
,Partridge Bank South Slope,JDFB_26_062625,Sample,48.237678,-122.843642,6/26/25,Illumina NextSeq 2000,300,Nextera,18S_Euk,GTACACACCGCCCGTC,TGATCCTTCTGCAGGTTCACCTAC,vert12S,TAGAACAGGCTCCTCTAG,TTAGATACCCCACTATGC,12S_MiFish_U,GTCGGTAAAACTCGTGCCAGC,CATAGTGGGGTATCTAATCCCAGTTTG,CO1_Metazoa,GGWACWGGWTGAACWGTWTAYCCYCC,TANACYTCNGGRTGNCCRAARAAYCA,JDFB_26_062625_R1_001_merged.fastq.gz,JDFB_26_062625_R2_001_merged.fastq.gz,Water ,2.1,36,Kelp Forest,Rosette Cast,1.2,silica gel dessication,26,PBS
,Partridge Bank South Slope,JDFB_27_062625,Sample,48.237678,-122.843642,6/26/25,Illumina NextSeq 2000,300,Nextera,18S_Euk,GTACACACCGCCCGTC,TGATCCTTCTGCAGGTTCACCTAC,vert12S,TAGAACAGGCTCCTCTAG,TTAGATACCCCACTATGC,12S_MiFish_U,GTCGGTAAAACTCGTGCCAGC,CATAGTGGGGTATCTAATCCCAGTTTG,CO1_Metazoa,GGWACWGGWTGAACWGTWTAYCCYCC,TANACYTCNGGRTGNCCRAARAAYCA,JDFB_27_062625_R1_001_merged.fastq.gz,JDFB_27_062625_R2_001_merged.fastq.gz,Water ,2.1,25,Kelp Forest,Rosette Cast,1.2,silica gel dessication,27,PBS
,Partridge Bank South Slope,JDFB_28_062625,Sample,48.237678,-122.843642,6/26/25,Illumina NextSeq 2000,300,Nextera,18S_Euk,GTACACACCGCCCGTC,TGATCCTTCTGCAGGTTCACCTAC,vert12S,TAGAACAGGCTCCTCTAG,TTAGATACCCCACTATGC,12S_MiFish_U,GTCGGTAAAACTCGTGCCAGC,CATAGTGGGGTATCTAATCCCAGTTTG,CO1_Metazoa,GGWACWGGWTGAACWGTWTAYCCYCC,TANACYTCNGGRTGNCCRAARAAYCA,JDFB_28_062625_R1_001_merged.fastq.gz,JDFB_28_062625_R2_001_merged.fastq.gz,Water ,2.06,14,Kelp Forest,Rosette Cast,1.2,silica gel dessication,28,PBS
,Partridge Bank South Slope,JDFB_29_062625,Sample,48.237678,-122.843642,6/26/25,Illumina NextSeq 2000,300,Nextera,18S_Euk,GTACACACCGCCCGTC,TGATCCTTCTGCAGGTTCACCTAC,vert12S,TAGAACAGGCTCCTCTAG,TTAGATACCCCACTATGC,12S_MiFish_U,GTCGGTAAAACTCGTGCCAGC,CATAGTGGGGTATCTAATCCCAGTTTG,CO1_Metazoa,GGWACWGGWTGAACWGTWTAYCCYCC,TANACYTCNGGRTGNCCRAARAAYCA,JDFB_29_062625_R1_001_merged.fastq.gz,JDFB_29_062625_R2_001_merged.fastq.gz,Water ,2.04,3,Kelp Forest,Rosette Cast,1.2,silica gel dessication,29,PBS
,Juan de Fuca Pre-Blank,JDFB_BK1_01_062525,Negative control,-,-,6/25/25,Illumina NextSeq 2000,300,Nextera,18S_Euk,GTACACACCGCCCGTC,TGATCCTTCTGCAGGTTCACCTAC,vert12S,TAGAACAGGCTCCTCTAG,TTAGATACCCCACTATGC,12S_MiFish_U,GTCGGTAAAACTCGTGCCAGC,CATAGTGGGGTATCTAATCCCAGTTTG,CO1_Metazoa,GGWACWGGWTGAACWGTWTAYCCYCC,TANACYTCNGGRTGNCCRAARAAYCA,JDFB_BK1_01_062525_R1_001_merged.fastq.gz,JDFB_BK1_01_062525_R2_001_merged.fastq.gz,Water ,2.01,,,Field Blank,1.2,silica gel dessication,1,BK1
,Juan de Fuca Post-Blank,JDFB_BK2_02_062525,Negative control,-,-,6/25/25,Illumina NextSeq 2000,300,Nextera,18S_Euk,GTACACACCGCCCGTC,TGATCCTTCTGCAGGTTCACCTAC,vert12S,TAGAACAGGCTCCTCTAG,TTAGATACCCCACTATGC,12S_MiFish_U,GTCGGTAAAACTCGTGCCAGC,CATAGTGGGGTATCTAATCCCAGTTTG,CO1_Metazoa,GGWACWGGWTGAACWGTWTAYCCYCC,TANACYTCNGGRTGNCCRAARAAYCA,JDFB_BK2_02_062525_R1_001_merged.fastq.gz,JDFB_BK2_02_062525_R2_001_merged.fastq.gz,Water ,2.25,,,Field Blank,1.2,silica gel dessication,2,BK2
,Juan de Fuca Pre-Blank,JDFB_BK1_03_062625,Negative control,-,-,6/26/25,Illumina NextSeq 2000,300,Nextera,18S_Euk,GTACACACCGCCCGTC,TGATCCTTCTGCAGGTTCACCTAC,vert12S,TAGAACAGGCTCCTCTAG,TTAGATACCCCACTATGC,12S_MiFish_U,GTCGGTAAAACTCGTGCCAGC,CATAGTGGGGTATCTAATCCCAGTTTG,CO1_Metazoa,GGWACWGGWTGAACWGTWTAYCCYCC,TANACYTCNGGRTGNCCRAARAAYCA,JDFB_BK1_03_062625_R1_001_merged.fastq.gz,JDFB_BK1_03_062625_R2_001_merged.fastq.gz,Water ,2.09,,,Field Blank,1.2,silica gel dessication,3,BK1
,Juan de Fuca Post-Blank,JDFB_BK2_04_062625,Negative control,-,-,6/26/25,Illumina NextSeq 2000,300,Nextera,18S_Euk,GTACACACCGCCCGTC,TGATCCTTCTGCAGGTTCACCTAC,vert12S,TAGAACAGGCTCCTCTAG,TTAGATACCCCACTATGC,12S_MiFish_U,GTCGGTAAAACTCGTGCCAGC,CATAGTGGGGTATCTAATCCCAGTTTG,CO1_Metazoa,GGWACWGGWTGAACWGTWTAYCCYCC,TANACYTCNGGRTGNCCRAARAAYCA,JDFB_BK2_04_062625_R1_001_merged.fastq.gz,JDFB_BK2_04_062625_R2_001_merged.fastq.gz,Water ,2.17,,,Field Blank,1.2,silica gel dessication,4,BK2
,San Juan Islands,SJI_01_072125,Sample,48.535447,-122.819497,7/21/25,Illumina NextSeq 2000,300,Nextera,18S_Euk,GTACACACCGCCCGTC,TGATCCTTCTGCAGGTTCACCTAC,vert12S,TAGAACAGGCTCCTCTAG,TTAGATACCCCACTATGC,12S_MiFish_U,GTCGGTAAAACTCGTGCCAGC,CATAGTGGGGTATCTAATCCCAGTTTG,CO1_Metazoa,GGWACWGGWTGAACWGTWTAYCCYCC,TANACYTCNGGRTGNCCRAARAAYCA,SJI_01_072125_R1_001_merged.fastq.gz,SJI_01_072125_R2_001_merged.fastq.gz,Water ,2.22,33,Open Water,Rosette Cast,5,self-preserving,1,SJI
,San Juan Islands,SJI_02_072125,Sample,48.535447,-122.819497,7/21/25,Illumina NextSeq 2000,300,Nextera,18S_Euk,GTACACACCGCCCGTC,TGATCCTTCTGCAGGTTCACCTAC,vert12S,TAGAACAGGCTCCTCTAG,TTAGATACCCCACTATGC,12S_MiFish_U,GTCGGTAAAACTCGTGCCAGC,CATAGTGGGGTATCTAATCCCAGTTTG,CO1_Metazoa,GGWACWGGWTGAACWGTWTAYCCYCC,TANACYTCNGGRTGNCCRAARAAYCA,SJI_02_072125_R1_001_merged.fastq.gz,SJI_02_072125_R2_001_merged.fastq.gz,Water ,2.2,27,Open Water,Rosette Cast,5,self-preserving,2,SJI
,San Juan Islands,SJI_03_072125,Sample,48.535447,-122.819497,7/21/25,Illumina NextSeq 2000,300,Nextera,18S_Euk,GTACACACCGCCCGTC,TGATCCTTCTGCAGGTTCACCTAC,vert12S,TAGAACAGGCTCCTCTAG,TTAGATACCCCACTATGC,12S_MiFish_U,GTCGGTAAAACTCGTGCCAGC,CATAGTGGGGTATCTAATCCCAGTTTG,CO1_Metazoa,GGWACWGGWTGAACWGTWTAYCCYCC,TANACYTCNGGRTGNCCRAARAAYCA,SJI_03_072125_R1_001_merged.fastq.gz,SJI_03_072125_R2_001_merged.fastq.gz,Water ,2.55,21,Open Water,Rosette Cast,5,self-preserving,3,SJI
,San Juan Islands,SJI_04_072125,Sample,48.535447,-122.819497,7/21/25,Illumina NextSeq 2000,300,Nextera,18S_Euk,GTACACACCGCCCGTC,TGATCCTTCTGCAGGTTCACCTAC,vert12S,TAGAACAGGCTCCTCTAG,TTAGATACCCCACTATGC,12S_MiFish_U,GTCGGTAAAACTCGTGCCAGC,CATAGTGGGGTATCTAATCCCAGTTTG,CO1_Metazoa,GGWACWGGWTGAACWGTWTAYCCYCC,TANACYTCNGGRTGNCCRAARAAYCA,SJI_04_072125_R1_001_merged.fastq.gz,SJI_04_072125_R2_001_merged.fastq.gz,Water ,2.44,15,Open Water,Rosette Cast,5,self-preserving,4,SJI
,San Juan Islands,SJI_05_072125,Sample,48.535447,-122.819497,7/21/25,Illumina NextSeq 2000,300,Nextera,18S_Euk,GTACACACCGCCCGTC,TGATCCTTCTGCAGGTTCACCTAC,vert12S,TAGAACAGGCTCCTCTAG,TTAGATACCCCACTATGC,12S_MiFish_U,GTCGGTAAAACTCGTGCCAGC,CATAGTGGGGTATCTAATCCCAGTTTG,CO1_Metazoa,GGWACWGGWTGAACWGTWTAYCCYCC,TANACYTCNGGRTGNCCRAARAAYCA,SJI_05_072125_R1_001_merged.fastq.gz,SJI_05_072125_R2_001_merged.fastq.gz,Water ,2.23,9,Open Water,Rosette Cast,5,self-preserving,5,SJI
,San Juan Islands,SJI_06_072125,Sample,48.535447,-122.819497,7/21/25,Illumina NextSeq 2000,300,Nextera,18S_Euk,GTACACACCGCCCGTC,TGATCCTTCTGCAGGTTCACCTAC,vert12S,TAGAACAGGCTCCTCTAG,TTAGATACCCCACTATGC,12S_MiFish_U,GTCGGTAAAACTCGTGCCAGC,CATAGTGGGGTATCTAATCCCAGTTTG,CO1_Metazoa,GGWACWGGWTGAACWGTWTAYCCYCC,TANACYTCNGGRTGNCCRAARAAYCA,SJI_06_072125_R1_001_merged.fastq.gz,SJI_06_072125_R2_001_merged.fastq.gz,Water ,2.24,3,Open Water,Rosette Cast,5,self-preserving,6,SJI
,San Juan Islands,SJI_07_072125,Sample,48.535447,-122.819497,7/21/25,Illumina NextSeq 2000,300,Nextera,18S_Euk,GTACACACCGCCCGTC,TGATCCTTCTGCAGGTTCACCTAC,vert12S,TAGAACAGGCTCCTCTAG,TTAGATACCCCACTATGC,12S_MiFish_U,GTCGGTAAAACTCGTGCCAGC,CATAGTGGGGTATCTAATCCCAGTTTG,CO1_Metazoa,GGWACWGGWTGAACWGTWTAYCCYCC,TANACYTCNGGRTGNCCRAARAAYCA,SJI_07_072125_R1_001_merged.fastq.gz,SJI_07_072125_R2_001_merged.fastq.gz,Water ,2.21,27,Open Water,"Rosette Cast, technical rep of SJI_02_072125",1.2,silica gel dessication,7,SJI
,San Juan Islands,SJI_08_072125,Sample,48.535447,-122.819497,7/21/25,Illumina NextSeq 2000,300,Nextera,18S_Euk,GTACACACCGCCCGTC,TGATCCTTCTGCAGGTTCACCTAC,vert12S,TAGAACAGGCTCCTCTAG,TTAGATACCCCACTATGC,12S_MiFish_U,GTCGGTAAAACTCGTGCCAGC,CATAGTGGGGTATCTAATCCCAGTTTG,CO1_Metazoa,GGWACWGGWTGAACWGTWTAYCCYCC,TANACYTCNGGRTGNCCRAARAAYCA,SJI_08_072125_R1_001_merged.fastq.gz,SJI_08_072125_R2_001_merged.fastq.gz,Water ,2.07,15,Open Water,"Rosette Cast, technical rep of SJI_04_072125",1.2,silica gel dessication,8,SJI
,San Juan Islands Pre-Blank,SJI_BK1_01_072125,Negative control,-,-,7/21/25,Illumina NextSeq 2000,300,Nextera,18S_Euk,GTACACACCGCCCGTC,TGATCCTTCTGCAGGTTCACCTAC,vert12S,TAGAACAGGCTCCTCTAG,TTAGATACCCCACTATGC,12S_MiFish_U,GTCGGTAAAACTCGTGCCAGC,CATAGTGGGGTATCTAATCCCAGTTTG,CO1_Metazoa,GGWACWGGWTGAACWGTWTAYCCYCC,TANACYTCNGGRTGNCCRAARAAYCA,SJI_BK1_01_072125_R1_001_merged.fastq.gz,SJI_BK1_01_072125_R2_001_merged.fastq.gz,Water ,2.1,,,Field Blank,5,self-preserving,1,BK1
,San Juan Islands Post-Blank,SJI_BK2_02_072125,Negative control,-,-,7/21/25,Illumina NextSeq 2000,300,Nextera,18S_Euk,GTACACACCGCCCGTC,TGATCCTTCTGCAGGTTCACCTAC,vert12S,TAGAACAGGCTCCTCTAG,TTAGATACCCCACTATGC,12S_MiFish_U,GTCGGTAAAACTCGTGCCAGC,CATAGTGGGGTATCTAATCCCAGTTTG,CO1_Metazoa,GGWACWGGWTGAACWGTWTAYCCYCC,TANACYTCNGGRTGNCCRAARAAYCA,SJI_BK2_02_072125_R1_001_merged.fastq.gz,SJI_BK2_02_072125_R2_001_merged.fastq.gz,Water ,2.19,,,Field Blank,5,self-preserving,2,BK2
,Partridge Bank North Slope,JDFB_30_072425,Sample,48.265969,-122.840792,7/24/25,Illumina NextSeq 2000,300,Nextera,18S_Euk,GTACACACCGCCCGTC,TGATCCTTCTGCAGGTTCACCTAC,vert12S,TAGAACAGGCTCCTCTAG,TTAGATACCCCACTATGC,12S_MiFish_U,GTCGGTAAAACTCGTGCCAGC,CATAGTGGGGTATCTAATCCCAGTTTG,CO1_Metazoa,GGWACWGGWTGAACWGTWTAYCCYCC,TANACYTCNGGRTGNCCRAARAAYCA,JDFB_30_072425_R1_001_merged.fastq.gz,JDFB_30_072425_R2_001_merged.fastq.gz,Water ,2.1,3,Kelp Forest,3m grab,1.2,silica gel dessication,30,PBN
,Partridge Bank Shoal,JDFB_31_072425,Sample,48.258661,-122.845483,7/24/25,Illumina NextSeq 2000,300,Nextera,18S_Euk,GTACACACCGCCCGTC,TGATCCTTCTGCAGGTTCACCTAC,vert12S,TAGAACAGGCTCCTCTAG,TTAGATACCCCACTATGC,12S_MiFish_U,GTCGGTAAAACTCGTGCCAGC,CATAGTGGGGTATCTAATCCCAGTTTG,CO1_Metazoa,GGWACWGGWTGAACWGTWTAYCCYCC,TANACYTCNGGRTGNCCRAARAAYCA,JDFB_31_072425_R1_001_merged.fastq.gz,JDFB_31_072425_R2_001_merged.fastq.gz,Water ,2.23,3,Kelp Forest,3m grab,1.2,silica gel dessication,31,PBSH
,Partridge Bank Pre-Blank,JDFB_BK1_05_072425,Negative control,-,-,7/24/25,Illumina NextSeq 2000,300,Nextera,18S_Euk,GTACACACCGCCCGTC,TGATCCTTCTGCAGGTTCACCTAC,vert12S,TAGAACAGGCTCCTCTAG,TTAGATACCCCACTATGC,12S_MiFish_U,GTCGGTAAAACTCGTGCCAGC,CATAGTGGGGTATCTAATCCCAGTTTG,CO1_Metazoa,GGWACWGGWTGAACWGTWTAYCCYCC,TANACYTCNGGRTGNCCRAARAAYCA,JDFB_BK1_05_072425_R1_001_merged.fastq.gz,JDFB_BK1_05_072425_R2_001_merged.fastq.gz,Water ,2.1,,,Field Blank; didn't take BK2 sample because single niskin tube broke and we ended up pumping PBSH sample at depth (3m grab),1.2,silica gel dessication,5,BK1
,Oak Bay,OAK_01_072825,Sample,47.986381,-122.691236,7/28/25,Illumina NextSeq 2000,300,Nextera,18S_Euk,GTACACACCGCCCGTC,TGATCCTTCTGCAGGTTCACCTAC,vert12S,TAGAACAGGCTCCTCTAG,TTAGATACCCCACTATGC,12S_MiFish_U,GTCGGTAAAACTCGTGCCAGC,CATAGTGGGGTATCTAATCCCAGTTTG,CO1_Metazoa,GGWACWGGWTGAACWGTWTAYCCYCC,TANACYTCNGGRTGNCCRAARAAYCA,OAK_01_072825_R1_001_merged.fastq.gz,OAK_01_072825_R2_001_merged.fastq.gz,Water ,2.07,33,Open Water,Rosette cast ,5,self-preserving,1,OAK
,Oak Bay,OAK_02_072825,Sample,47.986381,-122.691236,7/28/25,Illumina NextSeq 2000,300,Nextera,18S_Euk,GTACACACCGCCCGTC,TGATCCTTCTGCAGGTTCACCTAC,vert12S,TAGAACAGGCTCCTCTAG,TTAGATACCCCACTATGC,12S_MiFish_U,GTCGGTAAAACTCGTGCCAGC,CATAGTGGGGTATCTAATCCCAGTTTG,CO1_Metazoa,GGWACWGGWTGAACWGTWTAYCCYCC,TANACYTCNGGRTGNCCRAARAAYCA,OAK_02_072825_R1_001_merged.fastq.gz,OAK_02_072825_R2_001_merged.fastq.gz,Water ,2.01,27,Open Water,Rosette cast ,5,self-preserving,2,OAK
,Oak Bay,OAK_03_072825,Sample,47.986381,-122.691236,7/28/25,Illumina NextSeq 2000,300,Nextera,18S_Euk,GTACACACCGCCCGTC,TGATCCTTCTGCAGGTTCACCTAC,vert12S,TAGAACAGGCTCCTCTAG,TTAGATACCCCACTATGC,12S_MiFish_U,GTCGGTAAAACTCGTGCCAGC,CATAGTGGGGTATCTAATCCCAGTTTG,CO1_Metazoa,GGWACWGGWTGAACWGTWTAYCCYCC,TANACYTCNGGRTGNCCRAARAAYCA,OAK_03_072825_R1_001_merged.fastq.gz,OAK_03_072825_R2_001_merged.fastq.gz,Water ,2.08,21,Open Water,Rosette cast ,5,self-preserving,3,OAK
,Oak Bay,OAK_04_072825,Sample,47.986381,-122.691236,7/28/25,Illumina NextSeq 2000,300,Nextera,18S_Euk,GTACACACCGCCCGTC,TGATCCTTCTGCAGGTTCACCTAC,vert12S,TAGAACAGGCTCCTCTAG,TTAGATACCCCACTATGC,12S_MiFish_U,GTCGGTAAAACTCGTGCCAGC,CATAGTGGGGTATCTAATCCCAGTTTG,CO1_Metazoa,GGWACWGGWTGAACWGTWTAYCCYCC,TANACYTCNGGRTGNCCRAARAAYCA,OAK_04_072825_R1_001_merged.fastq.gz,OAK_04_072825_R2_001_merged.fastq.gz,Water ,2.03,15,Open Water,Rosette cast ,5,self-preserving,4,OAK
,Oak Bay,OAK_05_072825,Sample,47.986381,-122.691236,7/28/25,Illumina NextSeq 2000,300,Nextera,18S_Euk,GTACACACCGCCCGTC,TGATCCTTCTGCAGGTTCACCTAC,vert12S,TAGAACAGGCTCCTCTAG,TTAGATACCCCACTATGC,12S_MiFish_U,GTCGGTAAAACTCGTGCCAGC,CATAGTGGGGTATCTAATCCCAGTTTG,CO1_Metazoa,GGWACWGGWTGAACWGTWTAYCCYCC,TANACYTCNGGRTGNCCRAARAAYCA,OAK_05_072825_R1_001_merged.fastq.gz,OAK_05_072825_R2_001_merged.fastq.gz,Water ,2,9,Open Water,Rosette cast ,5,self-preserving,5,OAK
,Oak Bay,OAK_06_072825,Sample,47.986381,-122.691236,7/28/25,Illumina NextSeq 2000,300,Nextera,18S_Euk,GTACACACCGCCCGTC,TGATCCTTCTGCAGGTTCACCTAC,vert12S,TAGAACAGGCTCCTCTAG,TTAGATACCCCACTATGC,12S_MiFish_U,GTCGGTAAAACTCGTGCCAGC,CATAGTGGGGTATCTAATCCCAGTTTG,CO1_Metazoa,GGWACWGGWTGAACWGTWTAYCCYCC,TANACYTCNGGRTGNCCRAARAAYCA,OAK_06_072825_R1_001_merged.fastq.gz,OAK_06_072825_R2_001_merged.fastq.gz,Water ,2,3,Open Water,Rosette cast ,5,self-preserving,6,OAK
,Oak Bay,OAK_07_072825,Sample,47.986381,-122.691236,7/28/25,Illumina NextSeq 2000,300,Nextera,18S_Euk,GTACACACCGCCCGTC,TGATCCTTCTGCAGGTTCACCTAC,vert12S,TAGAACAGGCTCCTCTAG,TTAGATACCCCACTATGC,12S_MiFish_U,GTCGGTAAAACTCGTGCCAGC,CATAGTGGGGTATCTAATCCCAGTTTG,CO1_Metazoa,GGWACWGGWTGAACWGTWTAYCCYCC,TANACYTCNGGRTGNCCRAARAAYCA,OAK_07_072825_R1_001_merged.fastq.gz,OAK_07_072825_R2_001_merged.fastq.gz,Water ,1.94,3,Open Water,"Rosette cast, technical replicate of OAK_06_072825 ",1.2,silica gel dessication,7,OAK
,Oak Bay,OAK_08_072825,Sample,47.986381,-122.691236,7/28/25,Illumina NextSeq 2000,300,Nextera,18S_Euk,GTACACACCGCCCGTC,TGATCCTTCTGCAGGTTCACCTAC,vert12S,TAGAACAGGCTCCTCTAG,TTAGATACCCCACTATGC,12S_MiFish_U,GTCGGTAAAACTCGTGCCAGC,CATAGTGGGGTATCTAATCCCAGTTTG,CO1_Metazoa,GGWACWGGWTGAACWGTWTAYCCYCC,TANACYTCNGGRTGNCCRAARAAYCA,OAK_08_072825_R1_001_merged.fastq.gz,OAK_08_072825_R2_001_merged.fastq.gz,Water ,1.98,33,Open Water,"Rosette cast, technical replicate of OAK_01_072825 ",1.2,silica gel dessication,8,OAK
,Oak Bay Pre-Blank,OAK_BK1_01_072825,Negative control,-,-,7/28/25,Illumina NextSeq 2000,300,Nextera,18S_Euk,GTACACACCGCCCGTC,TGATCCTTCTGCAGGTTCACCTAC,vert12S,TAGAACAGGCTCCTCTAG,TTAGATACCCCACTATGC,12S_MiFish_U,GTCGGTAAAACTCGTGCCAGC,CATAGTGGGGTATCTAATCCCAGTTTG,CO1_Metazoa,GGWACWGGWTGAACWGTWTAYCCYCC,TANACYTCNGGRTGNCCRAARAAYCA,OAK_BK1_01_072825_R1_001_merged.fastq.gz,OAK_BK1_01_072825_R2_001_merged.fastq.gz,Water ,2,,,Field Blank,5,self-preserving,1,BK1
,Oak Bay Post-Blank,OAK_BK2_02_072825,Negative control,-,-,7/28/25,Illumina NextSeq 2000,300,Nextera,18S_Euk,GTACACACCGCCCGTC,TGATCCTTCTGCAGGTTCACCTAC,vert12S,TAGAACAGGCTCCTCTAG,TTAGATACCCCACTATGC,12S_MiFish_U,GTCGGTAAAACTCGTGCCAGC,CATAGTGGGGTATCTAATCCCAGTTTG,CO1_Metazoa,GGWACWGGWTGAACWGTWTAYCCYCC,TANACYTCNGGRTGNCCRAARAAYCA,OAK_BK2_02_072825_R1_001_merged.fastq.gz,OAK_BK2_02_072825_R2_001_merged.fastq.gz,Water ,2.19,,,Field Blank,5,self-preserving,2,BK2
,Squamish Harbor,SQU_01_072925,Sample,47.8444,-122.661825,7/29/25,Illumina NextSeq 2000,300,Nextera,18S_Euk,GTACACACCGCCCGTC,TGATCCTTCTGCAGGTTCACCTAC,vert12S,TAGAACAGGCTCCTCTAG,TTAGATACCCCACTATGC,12S_MiFish_U,GTCGGTAAAACTCGTGCCAGC,CATAGTGGGGTATCTAATCCCAGTTTG,CO1_Metazoa,GGWACWGGWTGAACWGTWTAYCCYCC,TANACYTCNGGRTGNCCRAARAAYCA,SQU_01_072925_R1_001_merged.fastq.gz,SQU_01_072925_R2_001_merged.fastq.gz,Water ,2.08,33,Open Water,Rosette cast ,5,self-preserving,1,SQU
,Squamish Harbor,SQU_02_072925,Sample,47.8444,-122.661825,7/29/25,Illumina NextSeq 2000,300,Nextera,18S_Euk,GTACACACCGCCCGTC,TGATCCTTCTGCAGGTTCACCTAC,vert12S,TAGAACAGGCTCCTCTAG,TTAGATACCCCACTATGC,12S_MiFish_U,GTCGGTAAAACTCGTGCCAGC,CATAGTGGGGTATCTAATCCCAGTTTG,CO1_Metazoa,GGWACWGGWTGAACWGTWTAYCCYCC,TANACYTCNGGRTGNCCRAARAAYCA,SQU_02_072925_R1_001_merged.fastq.gz,SQU_02_072925_R2_001_merged.fastq.gz,Water ,2.17,27,Open Water,Rosette cast ,5,self-preserving,2,SQU
,Squamish Harbor,SQU_03_072925,Sample,47.8444,-122.661825,7/29/25,Illumina NextSeq 2000,300,Nextera,18S_Euk,GTACACACCGCCCGTC,TGATCCTTCTGCAGGTTCACCTAC,vert12S,TAGAACAGGCTCCTCTAG,TTAGATACCCCACTATGC,12S_MiFish_U,GTCGGTAAAACTCGTGCCAGC,CATAGTGGGGTATCTAATCCCAGTTTG,CO1_Metazoa,GGWACWGGWTGAACWGTWTAYCCYCC,TANACYTCNGGRTGNCCRAARAAYCA,SQU_03_072925_R1_001_merged.fastq.gz,SQU_03_072925_R2_001_merged.fastq.gz,Water ,2.31,21,Open Water,Rosette cast ,5,self-preserving,3,SQU
,Squamish Harbor,SQU_04_072925,Sample,47.8444,-122.661825,7/29/25,Illumina NextSeq 2000,300,Nextera,18S_Euk,GTACACACCGCCCGTC,TGATCCTTCTGCAGGTTCACCTAC,vert12S,TAGAACAGGCTCCTCTAG,TTAGATACCCCACTATGC,12S_MiFish_U,GTCGGTAAAACTCGTGCCAGC,CATAGTGGGGTATCTAATCCCAGTTTG,CO1_Metazoa,GGWACWGGWTGAACWGTWTAYCCYCC,TANACYTCNGGRTGNCCRAARAAYCA,SQU_04_072925_R1_001_merged.fastq.gz,SQU_04_072925_R2_001_merged.fastq.gz,Water ,2.1,15,Open Water,Rosette cast ,5,self-preserving,4,SQU
,Squamish Harbor,SQU_05_072925,Sample,47.8444,-122.661825,7/29/25,Illumina NextSeq 2000,300,Nextera,18S_Euk,GTACACACCGCCCGTC,TGATCCTTCTGCAGGTTCACCTAC,vert12S,TAGAACAGGCTCCTCTAG,TTAGATACCCCACTATGC,12S_MiFish_U,GTCGGTAAAACTCGTGCCAGC,CATAGTGGGGTATCTAATCCCAGTTTG,CO1_Metazoa,GGWACWGGWTGAACWGTWTAYCCYCC,TANACYTCNGGRTGNCCRAARAAYCA,SQU_05_072925_R1_001_merged.fastq.gz,SQU_05_072925_R2_001_merged.fastq.gz,Water ,2.15,9,Open Water,Rosette cast ,5,self-preserving,5,SQU
,Squamish Harbor,SQU_06_072925,Sample,47.8444,-122.661825,7/29/25,Illumina NextSeq 2000,300,Nextera,18S_Euk,GTACACACCGCCCGTC,TGATCCTTCTGCAGGTTCACCTAC,vert12S,TAGAACAGGCTCCTCTAG,TTAGATACCCCACTATGC,12S_MiFish_U,GTCGGTAAAACTCGTGCCAGC,CATAGTGGGGTATCTAATCCCAGTTTG,CO1_Metazoa,GGWACWGGWTGAACWGTWTAYCCYCC,TANACYTCNGGRTGNCCRAARAAYCA,SQU_06_072925_R1_001_merged.fastq.gz,SQU_06_072925_R2_001_merged.fastq.gz,Water ,2.1,3,Open Water,Rosette cast ,5,self-preserving,6,SQU
,Squamish Harbor,SQU_07_072925,Sample,47.8444,-122.661825,7/29/25,Illumina NextSeq 2000,300,Nextera,18S_Euk,GTACACACCGCCCGTC,TGATCCTTCTGCAGGTTCACCTAC,vert12S,TAGAACAGGCTCCTCTAG,TTAGATACCCCACTATGC,12S_MiFish_U,GTCGGTAAAACTCGTGCCAGC,CATAGTGGGGTATCTAATCCCAGTTTG,CO1_Metazoa,GGWACWGGWTGAACWGTWTAYCCYCC,TANACYTCNGGRTGNCCRAARAAYCA,SQU_07_072925_R1_001_merged.fastq.gz,SQU_07_072925_R2_001_merged.fastq.gz,Water ,1.99,3,Open Water,"Rosette cast, technical replicate of SQU_06_072925 ",1.2,silica gel dessication,7,SQU
,Squamish Harbor,SQU_08_072925,Sample,47.8444,-122.661825,7/29/25,Illumina NextSeq 2000,300,Nextera,18S_Euk,GTACACACCGCCCGTC,TGATCCTTCTGCAGGTTCACCTAC,vert12S,TAGAACAGGCTCCTCTAG,TTAGATACCCCACTATGC,12S_MiFish_U,GTCGGTAAAACTCGTGCCAGC,CATAGTGGGGTATCTAATCCCAGTTTG,CO1_Metazoa,GGWACWGGWTGAACWGTWTAYCCYCC,TANACYTCNGGRTGNCCRAARAAYCA,SQU_08_072925_R1_001_merged.fastq.gz,SQU_08_072925_R2_001_merged.fastq.gz,Water ,2.05,33,Open Water,"Rosette cast, technical replicate of SQU_01_072925 ",1.2,silica gel dessication,8,SQU
,Squamish Harbor Pre-Blank,SQU_BK1_01_072925,Negative control,-,-,7/29/25,Illumina NextSeq 2000,300,Nextera,18S_Euk,GTACACACCGCCCGTC,TGATCCTTCTGCAGGTTCACCTAC,vert12S,TAGAACAGGCTCCTCTAG,TTAGATACCCCACTATGC,12S_MiFish_U,GTCGGTAAAACTCGTGCCAGC,CATAGTGGGGTATCTAATCCCAGTTTG,CO1_Metazoa,GGWACWGGWTGAACWGTWTAYCCYCC,TANACYTCNGGRTGNCCRAARAAYCA,SQU_BK1_01_072925_R1_001_merged.fastq.gz,SQU_BK1_01_072925_R2_001_merged.fastq.gz,Water ,2.07,,,Field Blank,5,self-preserving,1,BK1
,Squamish Harbor Post-Blank,SQU_BK2_02_072925,Negative control,-,-,7/29/25,Illumina NextSeq 2000,300,Nextera,18S_Euk,GTACACACCGCCCGTC,TGATCCTTCTGCAGGTTCACCTAC,vert12S,TAGAACAGGCTCCTCTAG,TTAGATACCCCACTATGC,12S_MiFish_U,GTCGGTAAAACTCGTGCCAGC,CATAGTGGGGTATCTAATCCCAGTTTG,CO1_Metazoa,GGWACWGGWTGAACWGTWTAYCCYCC,TANACYTCNGGRTGNCCRAARAAYCA,SQU_BK2_02_072925_R1_001_merged.fastq.gz,SQU_BK2_02_072925_R2_001_merged.fastq.gz,Water ,1.99,,,Field Blank,5,self-preserving,2,BK2
,Partridge Bank North Slope,JDFB_32_073025,Sample,48.265969,-122.840792,7/30/25,Illumina NextSeq 2000,300,Nextera,18S_Euk,GTACACACCGCCCGTC,TGATCCTTCTGCAGGTTCACCTAC,vert12S,TAGAACAGGCTCCTCTAG,TTAGATACCCCACTATGC,12S_MiFish_U,GTCGGTAAAACTCGTGCCAGC,CATAGTGGGGTATCTAATCCCAGTTTG,CO1_Metazoa,GGWACWGGWTGAACWGTWTAYCCYCC,TANACYTCNGGRTGNCCRAARAAYCA,JDFB_32_073025_R1_001_merged.fastq.gz,JDFB_32_073025_R2_001_merged.fastq.gz,Water ,2.09,48,Kelp Forest,Rosette Cast,1.2,silica gel dessication,32,PBN
,Partridge Bank North Slope,JDFB_33_073025,Sample,48.265969,-122.840792,7/30/25,Illumina NextSeq 2000,300,Nextera,18S_Euk,GTACACACCGCCCGTC,TGATCCTTCTGCAGGTTCACCTAC,vert12S,TAGAACAGGCTCCTCTAG,TTAGATACCCCACTATGC,12S_MiFish_U,GTCGGTAAAACTCGTGCCAGC,CATAGTGGGGTATCTAATCCCAGTTTG,CO1_Metazoa,GGWACWGGWTGAACWGTWTAYCCYCC,TANACYTCNGGRTGNCCRAARAAYCA,JDFB_33_073025_R1_001_merged.fastq.gz,JDFB_33_073025_R2_001_merged.fastq.gz,Water ,2.08,39,Kelp Forest,Rosette Cast,1.2,silica gel dessication,33,PBN
,Partridge Bank North Slope,JDFB_34_073025,Sample,48.265969,-122.840792,7/30/25,Illumina NextSeq 2000,300,Nextera,18S_Euk,GTACACACCGCCCGTC,TGATCCTTCTGCAGGTTCACCTAC,vert12S,TAGAACAGGCTCCTCTAG,TTAGATACCCCACTATGC,12S_MiFish_U,GTCGGTAAAACTCGTGCCAGC,CATAGTGGGGTATCTAATCCCAGTTTG,CO1_Metazoa,GGWACWGGWTGAACWGTWTAYCCYCC,TANACYTCNGGRTGNCCRAARAAYCA,JDFB_34_073025_R1_001_merged.fastq.gz,JDFB_34_073025_R2_001_merged.fastq.gz,Water ,2.05,30,Kelp Forest,Rosette Cast,1.2,silica gel dessication,34,PBN
,Partridge Bank North Slope,JDFB_35_073025,Sample,48.265969,-122.840792,7/30/25,Illumina NextSeq 2000,300,Nextera,18S_Euk,GTACACACCGCCCGTC,TGATCCTTCTGCAGGTTCACCTAC,vert12S,TAGAACAGGCTCCTCTAG,TTAGATACCCCACTATGC,12S_MiFish_U,GTCGGTAAAACTCGTGCCAGC,CATAGTGGGGTATCTAATCCCAGTTTG,CO1_Metazoa,GGWACWGGWTGAACWGTWTAYCCYCC,TANACYTCNGGRTGNCCRAARAAYCA,JDFB_35_073025_R1_001_merged.fastq.gz,JDFB_35_073025_R2_001_merged.fastq.gz,Water ,2.05,21,Kelp Forest,Rosette Cast,1.2,silica gel dessication,35,PBN
,Partridge Bank North Slope,JDFB_36_073025,Sample,48.265969,-122.840792,7/30/25,Illumina NextSeq 2000,300,Nextera,18S_Euk,GTACACACCGCCCGTC,TGATCCTTCTGCAGGTTCACCTAC,vert12S,TAGAACAGGCTCCTCTAG,TTAGATACCCCACTATGC,12S_MiFish_U,GTCGGTAAAACTCGTGCCAGC,CATAGTGGGGTATCTAATCCCAGTTTG,CO1_Metazoa,GGWACWGGWTGAACWGTWTAYCCYCC,TANACYTCNGGRTGNCCRAARAAYCA,JDFB_36_073025_R1_001_merged.fastq.gz,JDFB_36_073025_R2_001_merged.fastq.gz,Water ,2.05,12,Kelp Forest,Rosette Cast,1.2,silica gel dessication,36,PBN
,Partridge Bank North Slope,JDFB_37_073025,Sample,48.265969,-122.840792,7/30/25,Illumina NextSeq 2000,300,Nextera,18S_Euk,GTACACACCGCCCGTC,TGATCCTTCTGCAGGTTCACCTAC,vert12S,TAGAACAGGCTCCTCTAG,TTAGATACCCCACTATGC,12S_MiFish_U,GTCGGTAAAACTCGTGCCAGC,CATAGTGGGGTATCTAATCCCAGTTTG,CO1_Metazoa,GGWACWGGWTGAACWGTWTAYCCYCC,TANACYTCNGGRTGNCCRAARAAYCA,JDFB_37_073025_R1_001_merged.fastq.gz,JDFB_37_073025_R2_001_merged.fastq.gz,Water ,2.04,3,Kelp Forest,Rosette Cast,1.2,silica gel dessication,37,PBN
,Juan de Fuca Pre-Blank,JDFB_BK1_06_073025,Negative control,-,-,7/30/25,Illumina NextSeq 2000,300,Nextera,18S_Euk,GTACACACCGCCCGTC,TGATCCTTCTGCAGGTTCACCTAC,vert12S,TAGAACAGGCTCCTCTAG,TTAGATACCCCACTATGC,12S_MiFish_U,GTCGGTAAAACTCGTGCCAGC,CATAGTGGGGTATCTAATCCCAGTTTG,CO1_Metazoa,GGWACWGGWTGAACWGTWTAYCCYCC,TANACYTCNGGRTGNCCRAARAAYCA,JDFB_BK1_06_073025_R1_001_merged.fastq.gz,JDFB_BK1_06_073025_R2_001_merged.fastq.gz,Water ,2.12,,,Field Blank,1.2,silica gel dessication,6,BK1
,Juan de Fuca Post-Blank,JDFB_BK2_07_073025,Negative control,-,-,7/30/25,Illumina NextSeq 2000,300,Nextera,18S_Euk,GTACACACCGCCCGTC,TGATCCTTCTGCAGGTTCACCTAC,vert12S,TAGAACAGGCTCCTCTAG,TTAGATACCCCACTATGC,12S_MiFish_U,GTCGGTAAAACTCGTGCCAGC,CATAGTGGGGTATCTAATCCCAGTTTG,CO1_Metazoa,GGWACWGGWTGAACWGTWTAYCCYCC,TANACYTCNGGRTGNCCRAARAAYCA,JDFB_BK2_07_073025_R1_001_merged.fastq.gz,JDFB_BK2_07_073025_R2_001_merged.fastq.gz,Water ,2.05,,,Field Blank,1.2,silica gel dessication,7,BK2
,Partridge Bank Shoal,JDFB_38_082625,Sample,48.258661,-122.845483,8/26/25,Illumina NextSeq 2000,300,Nextera,18S_Euk,GTACACACCGCCCGTC,TGATCCTTCTGCAGGTTCACCTAC,vert12S,TAGAACAGGCTCCTCTAG,TTAGATACCCCACTATGC,12S_MiFish_U,GTCGGTAAAACTCGTGCCAGC,CATAGTGGGGTATCTAATCCCAGTTTG,CO1_Metazoa,GGWACWGGWTGAACWGTWTAYCCYCC,TANACYTCNGGRTGNCCRAARAAYCA,JDFB_38_082625_R1_001_merged.fastq.gz,JDFB_38_082625_R2_001_merged.fastq.gz,Water ,2.17,3,Kelp Forest,3m grab,1.2,silica gel dessication,38,PBSH
,Partridge Bank North Slope,JDFB_39_082625,Sample,48.265969,-122.840792,8/26/25,Illumina NextSeq 2000,300,Nextera,18S_Euk,GTACACACCGCCCGTC,TGATCCTTCTGCAGGTTCACCTAC,vert12S,TAGAACAGGCTCCTCTAG,TTAGATACCCCACTATGC,12S_MiFish_U,GTCGGTAAAACTCGTGCCAGC,CATAGTGGGGTATCTAATCCCAGTTTG,CO1_Metazoa,GGWACWGGWTGAACWGTWTAYCCYCC,TANACYTCNGGRTGNCCRAARAAYCA,JDFB_39_082625_R1_001_merged.fastq.gz,JDFB_39_082625_R2_001_merged.fastq.gz,Water ,2.05,55,Kelp Forest,Rosette Cast ,1.2,silica gel dessication,39,PBN
,Partridge Bank North Slope,JDFB_40_082625,Sample,48.265969,-122.840792,8/26/25,Illumina NextSeq 2000,300,Nextera,18S_Euk,GTACACACCGCCCGTC,TGATCCTTCTGCAGGTTCACCTAC,vert12S,TAGAACAGGCTCCTCTAG,TTAGATACCCCACTATGC,12S_MiFish_U,GTCGGTAAAACTCGTGCCAGC,CATAGTGGGGTATCTAATCCCAGTTTG,CO1_Metazoa,GGWACWGGWTGAACWGTWTAYCCYCC,TANACYTCNGGRTGNCCRAARAAYCA,JDFB_40_082625_R1_001_merged.fastq.gz,JDFB_40_082625_R2_001_merged.fastq.gz,Water ,2.08,45,Kelp Forest,Rosette Cast ,1.2,silica gel dessication,40,PBN
,Partridge Bank North Slope,JDFB_41_082625,Sample,48.265969,-122.840792,8/26/25,Illumina NextSeq 2000,300,Nextera,18S_Euk,GTACACACCGCCCGTC,TGATCCTTCTGCAGGTTCACCTAC,vert12S,TAGAACAGGCTCCTCTAG,TTAGATACCCCACTATGC,12S_MiFish_U,GTCGGTAAAACTCGTGCCAGC,CATAGTGGGGTATCTAATCCCAGTTTG,CO1_Metazoa,GGWACWGGWTGAACWGTWTAYCCYCC,TANACYTCNGGRTGNCCRAARAAYCA,JDFB_41_082625_R1_001_merged.fastq.gz,JDFB_41_082625_R2_001_merged.fastq.gz,Water ,2.2,35,Kelp Forest,Rosette Cast ,1.2,silica gel dessication,41,PBN
,Partridge Bank North Slope,JDFB_42_082625,Sample,48.265969,-122.840792,8/26/25,Illumina NextSeq 2000,300,Nextera,18S_Euk,GTACACACCGCCCGTC,TGATCCTTCTGCAGGTTCACCTAC,vert12S,TAGAACAGGCTCCTCTAG,TTAGATACCCCACTATGC,12S_MiFish_U,GTCGGTAAAACTCGTGCCAGC,CATAGTGGGGTATCTAATCCCAGTTTG,CO1_Metazoa,GGWACWGGWTGAACWGTWTAYCCYCC,TANACYTCNGGRTGNCCRAARAAYCA,JDFB_42_082625_R1_001_merged.fastq.gz,JDFB_42_082625_R2_001_merged.fastq.gz,Water ,2.05,25,Kelp Forest,Rosette Cast ,1.2,silica gel dessication,42,PBN
,Partridge Bank North Slope,JDFB_43_082625,Sample,48.265969,-122.840792,8/26/25,Illumina NextSeq 2000,300,Nextera,18S_Euk,GTACACACCGCCCGTC,TGATCCTTCTGCAGGTTCACCTAC,vert12S,TAGAACAGGCTCCTCTAG,TTAGATACCCCACTATGC,12S_MiFish_U,GTCGGTAAAACTCGTGCCAGC,CATAGTGGGGTATCTAATCCCAGTTTG,CO1_Metazoa,GGWACWGGWTGAACWGTWTAYCCYCC,TANACYTCNGGRTGNCCRAARAAYCA,JDFB_43_082625_R1_001_merged.fastq.gz,JDFB_43_082625_R2_001_merged.fastq.gz,Water ,2.08,15,Kelp Forest,Rosette Cast ,1.2,silica gel dessication,43,PBN
,Partridge Bank North Slope,JDFB_44_082625,Sample,48.265969,-122.840792,8/26/25,Illumina NextSeq 2000,300,Nextera,18S_Euk,GTACACACCGCCCGTC,TGATCCTTCTGCAGGTTCACCTAC,vert12S,TAGAACAGGCTCCTCTAG,TTAGATACCCCACTATGC,12S_MiFish_U,GTCGGTAAAACTCGTGCCAGC,CATAGTGGGGTATCTAATCCCAGTTTG,CO1_Metazoa,GGWACWGGWTGAACWGTWTAYCCYCC,TANACYTCNGGRTGNCCRAARAAYCA,JDFB_44_082625_R1_001_merged.fastq.gz,JDFB_44_082625_R2_001_merged.fastq.gz,Water ,2.09,3,Kelp Forest,Rosette Cast ,1.2,silica gel dessication,44,PBN
,Juan de Fuca Pre-Blank,JDFB_BK1_08_082625,Negative control,-,-,8/26/25,Illumina NextSeq 2000,300,Nextera,18S_Euk,GTACACACCGCCCGTC,TGATCCTTCTGCAGGTTCACCTAC,vert12S,TAGAACAGGCTCCTCTAG,TTAGATACCCCACTATGC,12S_MiFish_U,GTCGGTAAAACTCGTGCCAGC,CATAGTGGGGTATCTAATCCCAGTTTG,CO1_Metazoa,GGWACWGGWTGAACWGTWTAYCCYCC,TANACYTCNGGRTGNCCRAARAAYCA,JDFB_BK1_08_082625_R1_001_merged.fastq.gz,JDFB_BK1_08_082625_R2_001_merged.fastq.gz,Water ,2.17,,,Field Blank,1.2,silica gel dessication,8,BK1
,Juan de Fuca Post-Blank,JDFB_BK2_09_082625,Negative control,-,-,8/26/25,Illumina NextSeq 2000,300,Nextera,18S_Euk,GTACACACCGCCCGTC,TGATCCTTCTGCAGGTTCACCTAC,vert12S,TAGAACAGGCTCCTCTAG,TTAGATACCCCACTATGC,12S_MiFish_U,GTCGGTAAAACTCGTGCCAGC,CATAGTGGGGTATCTAATCCCAGTTTG,CO1_Metazoa,GGWACWGGWTGAACWGTWTAYCCYCC,TANACYTCNGGRTGNCCRAARAAYCA,JDFB_BK2_09_082625_R1_001_merged.fastq.gz,JDFB_BK2_09_082625_R2_001_merged.fastq.gz,Water ,1.99,,,Field Blank,1.2,silica gel dessication,9,BK2
,Partridge Bank Deep Water Bewteen Banks,JDFB_45_082725,Sample,48.290067,-122.840278,8/27/25,Illumina NextSeq 2000,300,Nextera,18S_Euk,GTACACACCGCCCGTC,TGATCCTTCTGCAGGTTCACCTAC,vert12S,TAGAACAGGCTCCTCTAG,TTAGATACCCCACTATGC,12S_MiFish_U,GTCGGTAAAACTCGTGCCAGC,CATAGTGGGGTATCTAATCCCAGTTTG,CO1_Metazoa,GGWACWGGWTGAACWGTWTAYCCYCC,TANACYTCNGGRTGNCCRAARAAYCA,JDFB_45_082725_R1_001_merged.fastq.gz,JDFB_45_082725_R2_001_merged.fastq.gz,Water ,2.04,120,Kelp Forest,Rosette Cast ,1.2,silica gel dessication,45,DW1
,Partridge Bank Deep Water Bewteen Banks,JDFB_46_082725,Sample,48.290067,-122.840278,8/27/25,Illumina NextSeq 2000,300,Nextera,18S_Euk,GTACACACCGCCCGTC,TGATCCTTCTGCAGGTTCACCTAC,vert12S,TAGAACAGGCTCCTCTAG,TTAGATACCCCACTATGC,12S_MiFish_U,GTCGGTAAAACTCGTGCCAGC,CATAGTGGGGTATCTAATCCCAGTTTG,CO1_Metazoa,GGWACWGGWTGAACWGTWTAYCCYCC,TANACYTCNGGRTGNCCRAARAAYCA,JDFB_46_082725_R1_001_merged.fastq.gz,JDFB_46_082725_R2_001_merged.fastq.gz,Water ,2.1,97,Kelp Forest,Rosette Cast ,1.2,silica gel dessication,46,DW1
,Partridge Bank Deep Water Bewteen Banks,JDFB_47_082725,Sample,48.290067,-122.840278,8/27/25,Illumina NextSeq 2000,300,Nextera,18S_Euk,GTACACACCGCCCGTC,TGATCCTTCTGCAGGTTCACCTAC,vert12S,TAGAACAGGCTCCTCTAG,TTAGATACCCCACTATGC,12S_MiFish_U,GTCGGTAAAACTCGTGCCAGC,CATAGTGGGGTATCTAATCCCAGTTTG,CO1_Metazoa,GGWACWGGWTGAACWGTWTAYCCYCC,TANACYTCNGGRTGNCCRAARAAYCA,JDFB_47_082725_R1_001_merged.fastq.gz,JDFB_47_082725_R2_001_merged.fastq.gz,Water ,2.17,74,Kelp Forest,Rosette Cast ,1.2,silica gel dessication,47,DW1
,Partridge Bank Deep Water Bewteen Banks,JDFB_48_082725,Sample,48.290067,-122.840278,8/27/25,Illumina NextSeq 2000,300,Nextera,18S_Euk,GTACACACCGCCCGTC,TGATCCTTCTGCAGGTTCACCTAC,vert12S,TAGAACAGGCTCCTCTAG,TTAGATACCCCACTATGC,12S_MiFish_U,GTCGGTAAAACTCGTGCCAGC,CATAGTGGGGTATCTAATCCCAGTTTG,CO1_Metazoa,GGWACWGGWTGAACWGTWTAYCCYCC,TANACYTCNGGRTGNCCRAARAAYCA,JDFB_48_082725_R1_001_merged.fastq.gz,JDFB_48_082725_R2_001_merged.fastq.gz,Water ,2.06,51,Kelp Forest,Rosette Cast ,1.2,silica gel dessication,48,DW1
,Partridge Bank Deep Water Bewteen Banks,JDFB_49_082725,Sample,48.290067,-122.840278,8/27/25,Illumina NextSeq 2000,300,Nextera,18S_Euk,GTACACACCGCCCGTC,TGATCCTTCTGCAGGTTCACCTAC,vert12S,TAGAACAGGCTCCTCTAG,TTAGATACCCCACTATGC,12S_MiFish_U,GTCGGTAAAACTCGTGCCAGC,CATAGTGGGGTATCTAATCCCAGTTTG,CO1_Metazoa,GGWACWGGWTGAACWGTWTAYCCYCC,TANACYTCNGGRTGNCCRAARAAYCA,JDFB_49_082725_R1_001_merged.fastq.gz,JDFB_49_082725_R2_001_merged.fastq.gz,Water ,2.26,28,Kelp Forest,Rosette Cast ,1.2,silica gel dessication,49,DW1
,Partridge Bank Deep Water Bewteen Banks,JDFB_50_082725,Sample,48.290067,-122.840278,8/27/25,Illumina NextSeq 2000,300,Nextera,18S_Euk,GTACACACCGCCCGTC,TGATCCTTCTGCAGGTTCACCTAC,vert12S,TAGAACAGGCTCCTCTAG,TTAGATACCCCACTATGC,12S_MiFish_U,GTCGGTAAAACTCGTGCCAGC,CATAGTGGGGTATCTAATCCCAGTTTG,CO1_Metazoa,GGWACWGGWTGAACWGTWTAYCCYCC,TANACYTCNGGRTGNCCRAARAAYCA,JDFB_50_082725_R1_001_merged.fastq.gz,JDFB_50_082725_R2_001_merged.fastq.gz,Water ,2.04,3,Kelp Forest,Rosette Cast ,1.2,silica gel dessication,50,DW1
,Juan de Fuca Pre-Blank,JDFB_BK1_10_082725,Negative control,-,-,8/27/25,Illumina NextSeq 2000,300,Nextera,18S_Euk,GTACACACCGCCCGTC,TGATCCTTCTGCAGGTTCACCTAC,vert12S,TAGAACAGGCTCCTCTAG,TTAGATACCCCACTATGC,12S_MiFish_U,GTCGGTAAAACTCGTGCCAGC,CATAGTGGGGTATCTAATCCCAGTTTG,CO1_Metazoa,GGWACWGGWTGAACWGTWTAYCCYCC,TANACYTCNGGRTGNCCRAARAAYCA,JDFB_BK1_10_082725_R1_001_merged.fastq.gz,JDFB_BK1_10_082725_R2_001_merged.fastq.gz,Water ,2.13,,,Field Blank,1.2,silica gel dessication,10,BK1
,Juan de Fuca Post-Blank,JDFB_BK2_11_082725,Negative control,-,-,8/27/25,Illumina NextSeq 2000,300,Nextera,18S_Euk,GTACACACCGCCCGTC,TGATCCTTCTGCAGGTTCACCTAC,vert12S,TAGAACAGGCTCCTCTAG,TTAGATACCCCACTATGC,12S_MiFish_U,GTCGGTAAAACTCGTGCCAGC,CATAGTGGGGTATCTAATCCCAGTTTG,CO1_Metazoa,GGWACWGGWTGAACWGTWTAYCCYCC,TANACYTCNGGRTGNCCRAARAAYCA,JDFB_BK2_11_082725_R1_001_merged.fastq.gz,JDFB_BK2_11_082725_R2_001_merged.fastq.gz,Water ,1.98,,,Field Blank,1.2,silica gel dessication,11,BK2
,Partridge Bank West Slope,JDFB_51_082725,Sample,48.278567,-122.894003,8/27/25,Illumina NextSeq 2000,300,Nextera,18S_Euk,GTACACACCGCCCGTC,TGATCCTTCTGCAGGTTCACCTAC,vert12S,TAGAACAGGCTCCTCTAG,TTAGATACCCCACTATGC,12S_MiFish_U,GTCGGTAAAACTCGTGCCAGC,CATAGTGGGGTATCTAATCCCAGTTTG,CO1_Metazoa,GGWACWGGWTGAACWGTWTAYCCYCC,TANACYTCNGGRTGNCCRAARAAYCA,JDFB_51_082725_R1_001_merged.fastq.gz,JDFB_51_082725_R2_001_merged.fastq.gz,Water ,2.14,70,Kelp Forest,Rosette Cast ,1.2,silica gel dessication,51,PBW
,Partridge Bank West Slope,JDFB_52_082725,Sample,48.278567,-122.894003,8/27/25,Illumina NextSeq 2000,300,Nextera,18S_Euk,GTACACACCGCCCGTC,TGATCCTTCTGCAGGTTCACCTAC,vert12S,TAGAACAGGCTCCTCTAG,TTAGATACCCCACTATGC,12S_MiFish_U,GTCGGTAAAACTCGTGCCAGC,CATAGTGGGGTATCTAATCCCAGTTTG,CO1_Metazoa,GGWACWGGWTGAACWGTWTAYCCYCC,TANACYTCNGGRTGNCCRAARAAYCA,JDFB_52_082725_R1_001_merged.fastq.gz,JDFB_52_082725_R2_001_merged.fastq.gz,Water ,2.09,57,Kelp Forest,Rosette Cast ,1.2,silica gel dessication,52,PBW
,Partridge Bank West Slope,JDFB_53_082725,Sample,48.278567,-122.894003,8/27/25,Illumina NextSeq 2000,300,Nextera,18S_Euk,GTACACACCGCCCGTC,TGATCCTTCTGCAGGTTCACCTAC,vert12S,TAGAACAGGCTCCTCTAG,TTAGATACCCCACTATGC,12S_MiFish_U,GTCGGTAAAACTCGTGCCAGC,CATAGTGGGGTATCTAATCCCAGTTTG,CO1_Metazoa,GGWACWGGWTGAACWGTWTAYCCYCC,TANACYTCNGGRTGNCCRAARAAYCA,JDFB_53_082725_R1_001_merged.fastq.gz,JDFB_53_082725_R2_001_merged.fastq.gz,Water ,2.09,44,Kelp Forest,Rosette Cast ,1.2,silica gel dessication,53,PBW
,Partridge Bank West Slope,JDFB_54_082725,Sample,48.278567,-122.894003,8/27/25,Illumina NextSeq 2000,300,Nextera,18S_Euk,GTACACACCGCCCGTC,TGATCCTTCTGCAGGTTCACCTAC,vert12S,TAGAACAGGCTCCTCTAG,TTAGATACCCCACTATGC,12S_MiFish_U,GTCGGTAAAACTCGTGCCAGC,CATAGTGGGGTATCTAATCCCAGTTTG,CO1_Metazoa,GGWACWGGWTGAACWGTWTAYCCYCC,TANACYTCNGGRTGNCCRAARAAYCA,JDFB_54_082725_R1_001_merged.fastq.gz,JDFB_54_082725_R2_001_merged.fastq.gz,Water ,2.03,31,Kelp Forest,Rosette Cast ,1.2,silica gel dessication,54,PBW
,Partridge Bank West Slope,JDFB_55_082725,Sample,48.278567,-122.894003,8/27/25,Illumina NextSeq 2000,300,Nextera,18S_Euk,GTACACACCGCCCGTC,TGATCCTTCTGCAGGTTCACCTAC,vert12S,TAGAACAGGCTCCTCTAG,TTAGATACCCCACTATGC,12S_MiFish_U,GTCGGTAAAACTCGTGCCAGC,CATAGTGGGGTATCTAATCCCAGTTTG,CO1_Metazoa,GGWACWGGWTGAACWGTWTAYCCYCC,TANACYTCNGGRTGNCCRAARAAYCA,JDFB_55_082725_R1_001_merged.fastq.gz,JDFB_55_082725_R2_001_merged.fastq.gz,Water ,2.08,18,Kelp Forest,Rosette Cast ,1.2,silica gel dessication,55,PBW
,Partridge Bank West Slope,JDFB_56_082735,Sample,48.278567,-122.894003,8/27/25,Illumina NextSeq 2000,300,Nextera,18S_Euk,GTACACACCGCCCGTC,TGATCCTTCTGCAGGTTCACCTAC,vert12S,TAGAACAGGCTCCTCTAG,TTAGATACCCCACTATGC,12S_MiFish_U,GTCGGTAAAACTCGTGCCAGC,CATAGTGGGGTATCTAATCCCAGTTTG,CO1_Metazoa,GGWACWGGWTGAACWGTWTAYCCYCC,TANACYTCNGGRTGNCCRAARAAYCA,JDFB_56_082725_R1_001_merged.fastq.gz,JDFB_56_082725_R2_001_merged.fastq.gz,Water ,2.06,3,Kelp Forest,Rosette Cast ,1.2,silica gel dessication,56,PBW
,Partridge Bank Deep Water Control,JDFB_57_082825,Sample,48.253672,-123.055922,8/28/25,Illumina NextSeq 2000,300,Nextera,18S_Euk,GTACACACCGCCCGTC,TGATCCTTCTGCAGGTTCACCTAC,vert12S,TAGAACAGGCTCCTCTAG,TTAGATACCCCACTATGC,12S_MiFish_U,GTCGGTAAAACTCGTGCCAGC,CATAGTGGGGTATCTAATCCCAGTTTG,CO1_Metazoa,GGWACWGGWTGAACWGTWTAYCCYCC,TANACYTCNGGRTGNCCRAARAAYCA,JDFB_57_082825_R1_001_merged.fastq.gz,JDFB_57_082825_R2_001_merged.fastq.gz,Water ,2.05,120,Kelp Forest,Rosette Cast ,1.2,silica gel dessication,57,DW2
,Partridge Bank Deep Water Control,JDFB_58_082825,Sample,48.253672,-123.055922,8/28/25,Illumina NextSeq 2000,300,Nextera,18S_Euk,GTACACACCGCCCGTC,TGATCCTTCTGCAGGTTCACCTAC,vert12S,TAGAACAGGCTCCTCTAG,TTAGATACCCCACTATGC,12S_MiFish_U,GTCGGTAAAACTCGTGCCAGC,CATAGTGGGGTATCTAATCCCAGTTTG,CO1_Metazoa,GGWACWGGWTGAACWGTWTAYCCYCC,TANACYTCNGGRTGNCCRAARAAYCA,JDFB_58_082825_R1_001_merged.fastq.gz,JDFB_58_082825_R2_001_merged.fastq.gz,Water ,2.01,97,Kelp Forest,Rosette Cast ,1.2,silica gel dessication,58,DW2
,Partridge Bank Deep Water Control,JDFB_59_082825,Sample,48.253672,-123.055922,8/28/25,Illumina NextSeq 2000,300,Nextera,18S_Euk,GTACACACCGCCCGTC,TGATCCTTCTGCAGGTTCACCTAC,vert12S,TAGAACAGGCTCCTCTAG,TTAGATACCCCACTATGC,12S_MiFish_U,GTCGGTAAAACTCGTGCCAGC,CATAGTGGGGTATCTAATCCCAGTTTG,CO1_Metazoa,GGWACWGGWTGAACWGTWTAYCCYCC,TANACYTCNGGRTGNCCRAARAAYCA,JDFB_59_082825_R1_001_merged.fastq.gz,JDFB_59_082825_R2_001_merged.fastq.gz,Water ,2.04,74,Kelp Forest,Rosette Cast ,1.2,silica gel dessication,59,DW2
,Partridge Bank Deep Water Control,JDFB_60_082825,Sample,48.253672,-123.055922,8/28/25,Illumina NextSeq 2000,300,Nextera,18S_Euk,GTACACACCGCCCGTC,TGATCCTTCTGCAGGTTCACCTAC,vert12S,TAGAACAGGCTCCTCTAG,TTAGATACCCCACTATGC,12S_MiFish_U,GTCGGTAAAACTCGTGCCAGC,CATAGTGGGGTATCTAATCCCAGTTTG,CO1_Metazoa,GGWACWGGWTGAACWGTWTAYCCYCC,TANACYTCNGGRTGNCCRAARAAYCA,JDFB_60_082825_R1_001_merged.fastq.gz,JDFB_60_082825_R2_001_merged.fastq.gz,Water ,2,51,Kelp Forest,Rosette Cast ,1.2,silica gel dessication,60,DW2
,Partridge Bank Deep Water Control,JDFB_61_082825,Sample,48.253672,-123.055922,8/28/25,Illumina NextSeq 2000,300,Nextera,18S_Euk,GTACACACCGCCCGTC,TGATCCTTCTGCAGGTTCACCTAC,vert12S,TAGAACAGGCTCCTCTAG,TTAGATACCCCACTATGC,12S_MiFish_U,GTCGGTAAAACTCGTGCCAGC,CATAGTGGGGTATCTAATCCCAGTTTG,CO1_Metazoa,GGWACWGGWTGAACWGTWTAYCCYCC,TANACYTCNGGRTGNCCRAARAAYCA,JDFB_61_082825_R1_001_merged.fastq.gz,JDFB_61_082825_R2_001_merged.fastq.gz,Water ,2.01,28,Kelp Forest,Rosette Cast ,1.2,silica gel dessication,61,DW2
,Partridge Bank Deep Water Control,JDFB_62_082825,Sample,48.253672,-123.055922,8/28/25,Illumina NextSeq 2000,300,Nextera,18S_Euk,GTACACACCGCCCGTC,TGATCCTTCTGCAGGTTCACCTAC,vert12S,TAGAACAGGCTCCTCTAG,TTAGATACCCCACTATGC,12S_MiFish_U,GTCGGTAAAACTCGTGCCAGC,CATAGTGGGGTATCTAATCCCAGTTTG,CO1_Metazoa,GGWACWGGWTGAACWGTWTAYCCYCC,TANACYTCNGGRTGNCCRAARAAYCA,JDFB_62_082825_R1_001_merged.fastq.gz,JDFB_62_082825_R2_001_merged.fastq.gz,Water ,2.01,3,Kelp Forest,Rosette Cast ,1.2,silica gel dessication,62,DW2
,Partridge Bank Kelp Bed North,JDFB_63_082825,Sample,48.268314,-122.862206,8/28/25,Illumina NextSeq 2000,300,Nextera,18S_Euk,GTACACACCGCCCGTC,TGATCCTTCTGCAGGTTCACCTAC,vert12S,TAGAACAGGCTCCTCTAG,TTAGATACCCCACTATGC,12S_MiFish_U,GTCGGTAAAACTCGTGCCAGC,CATAGTGGGGTATCTAATCCCAGTTTG,CO1_Metazoa,GGWACWGGWTGAACWGTWTAYCCYCC,TANACYTCNGGRTGNCCRAARAAYCA,JDFB_63_082825_R1_001_merged.fastq.gz,JDFB_63_082825_R2_001_merged.fastq.gz,Water ,2.15,3,Kelp Forest,3m grab ,1.2,silica gel dessication,63,PBKN
,Partridge Bank Kelp Bed South,JDFB_64_082825,Sample,48.255958,-122.839194,8/28/25,Illumina NextSeq 2000,300,Nextera,18S_Euk,GTACACACCGCCCGTC,TGATCCTTCTGCAGGTTCACCTAC,vert12S,TAGAACAGGCTCCTCTAG,TTAGATACCCCACTATGC,12S_MiFish_U,GTCGGTAAAACTCGTGCCAGC,CATAGTGGGGTATCTAATCCCAGTTTG,CO1_Metazoa,GGWACWGGWTGAACWGTWTAYCCYCC,TANACYTCNGGRTGNCCRAARAAYCA,JDFB_64_082825_R1_001_merged.fastq.gz,JDFB_64_082825_R2_001_merged.fastq.gz,Water ,2.32,3,Kelp Forest,3m grab; filter delaminated in housing and material was under membrane,1.2,silica gel dessication,64,PBKS
,Partridge Bank South Slope,JDFB_65_082825,Sample,48.237678,-122.843642,8/28/25,Illumina NextSeq 2000,300,Nextera,18S_Euk,GTACACACCGCCCGTC,TGATCCTTCTGCAGGTTCACCTAC,vert12S,TAGAACAGGCTCCTCTAG,TTAGATACCCCACTATGC,12S_MiFish_U,GTCGGTAAAACTCGTGCCAGC,CATAGTGGGGTATCTAATCCCAGTTTG,CO1_Metazoa,GGWACWGGWTGAACWGTWTAYCCYCC,TANACYTCNGGRTGNCCRAARAAYCA,JDFB_65_082825_R1_001_merged.fastq.gz,JDFB_65_082825_R2_001_merged.fastq.gz,Water ,1.98,55,Kelp Forest,Rosette Cast,1.2,silica gel dessication,65,PBS
,Partridge Bank South Slope,JDFB_66_082825,Sample,48.237678,-122.843642,8/28/25,Illumina NextSeq 2000,300,Nextera,18S_Euk,GTACACACCGCCCGTC,TGATCCTTCTGCAGGTTCACCTAC,vert12S,TAGAACAGGCTCCTCTAG,TTAGATACCCCACTATGC,12S_MiFish_U,GTCGGTAAAACTCGTGCCAGC,CATAGTGGGGTATCTAATCCCAGTTTG,CO1_Metazoa,GGWACWGGWTGAACWGTWTAYCCYCC,TANACYTCNGGRTGNCCRAARAAYCA,JDFB_66_082825_R1_001_merged.fastq.gz,JDFB_66_082825_R2_001_merged.fastq.gz,Water ,2.04,45,Kelp Forest,Rosette Cast,1.2,silica gel dessication,66,PBS
,Partridge Bank South Slope,JDFB_67_082825,Sample,48.237678,-122.843642,8/28/25,Illumina NextSeq 2000,300,Nextera,18S_Euk,GTACACACCGCCCGTC,TGATCCTTCTGCAGGTTCACCTAC,vert12S,TAGAACAGGCTCCTCTAG,TTAGATACCCCACTATGC,12S_MiFish_U,GTCGGTAAAACTCGTGCCAGC,CATAGTGGGGTATCTAATCCCAGTTTG,CO1_Metazoa,GGWACWGGWTGAACWGTWTAYCCYCC,TANACYTCNGGRTGNCCRAARAAYCA,JDFB_67_082825_R1_001_merged.fastq.gz,JDFB_67_082825_R2_001_merged.fastq.gz,Water ,1.99,35,Kelp Forest,Rosette Cast,1.2,silica gel dessication,67,PBS
,Partridge Bank South Slope,JDFB_68_082825,Sample,48.237678,-122.843642,8/28/25,Illumina NextSeq 2000,300,Nextera,18S_Euk,GTACACACCGCCCGTC,TGATCCTTCTGCAGGTTCACCTAC,vert12S,TAGAACAGGCTCCTCTAG,TTAGATACCCCACTATGC,12S_MiFish_U,GTCGGTAAAACTCGTGCCAGC,CATAGTGGGGTATCTAATCCCAGTTTG,CO1_Metazoa,GGWACWGGWTGAACWGTWTAYCCYCC,TANACYTCNGGRTGNCCRAARAAYCA,JDFB_68_082825_R1_001_merged.fastq.gz,JDFB_68_082825_R2_001_merged.fastq.gz,Water ,1.98,25,Kelp Forest,Rosette Cast,1.2,silica gel dessication,68,PBS
,Partridge Bank South Slope,JDFB_69_082825,Sample,48.237678,-122.843642,8/28/25,Illumina NextSeq 2000,300,Nextera,18S_Euk,GTACACACCGCCCGTC,TGATCCTTCTGCAGGTTCACCTAC,vert12S,TAGAACAGGCTCCTCTAG,TTAGATACCCCACTATGC,12S_MiFish_U,GTCGGTAAAACTCGTGCCAGC,CATAGTGGGGTATCTAATCCCAGTTTG,CO1_Metazoa,GGWACWGGWTGAACWGTWTAYCCYCC,TANACYTCNGGRTGNCCRAARAAYCA,JDFB_69_082825_R1_001_merged.fastq.gz,JDFB_69_082825_R2_001_merged.fastq.gz,Water ,2.02,15,Kelp Forest,Rosette Cast; filter delaminated in housing and had material underneath the membrane,1.2,silica gel dessication,69,PBS
,Partridge Bank South Slope,JDFB_70_082825,Sample,48.237678,-122.843642,8/28/25,Illumina NextSeq 2000,300,Nextera,18S_Euk,GTACACACCGCCCGTC,TGATCCTTCTGCAGGTTCACCTAC,vert12S,TAGAACAGGCTCCTCTAG,TTAGATACCCCACTATGC,12S_MiFish_U,GTCGGTAAAACTCGTGCCAGC,CATAGTGGGGTATCTAATCCCAGTTTG,CO1_Metazoa,GGWACWGGWTGAACWGTWTAYCCYCC,TANACYTCNGGRTGNCCRAARAAYCA,JDFB_70_082825_R1_001_merged.fastq.gz,JDFB_70_082825_R2_001_merged.fastq.gz,Water ,2,3,Kelp Forest,Rosette Cast,1.2,silica gel dessication,70,PBS
,Juan de Fuca Pre-Blank,JDFB_BK1_12_082825,Negative control,-,-,8/28/25,Illumina NextSeq 2000,300,Nextera,18S_Euk,GTACACACCGCCCGTC,TGATCCTTCTGCAGGTTCACCTAC,vert12S,TAGAACAGGCTCCTCTAG,TTAGATACCCCACTATGC,12S_MiFish_U,GTCGGTAAAACTCGTGCCAGC,CATAGTGGGGTATCTAATCCCAGTTTG,CO1_Metazoa,GGWACWGGWTGAACWGTWTAYCCYCC,TANACYTCNGGRTGNCCRAARAAYCA,JDFB_BK1_12_082825_R1_001_merged.fastq.gz,JDFB_BK1_12_082825_R2_001_merged.fastq.gz,Water ,1.95,,,Field Blank,1.2,silica gel dessication,12,BK1
,Juan de Fuca Post-Blank,JDFB_BK2_13_082825,Negative control,-,-,8/28/25,Illumina NextSeq 2000,300,Nextera,18S_Euk,GTACACACCGCCCGTC,TGATCCTTCTGCAGGTTCACCTAC,vert12S,TAGAACAGGCTCCTCTAG,TTAGATACCCCACTATGC,12S_MiFish_U,GTCGGTAAAACTCGTGCCAGC,CATAGTGGGGTATCTAATCCCAGTTTG,CO1_Metazoa,GGWACWGGWTGAACWGTWTAYCCYCC,TANACYTCNGGRTGNCCRAARAAYCA,JDFB_BK2_13_082825_R1_001_merged.fastq.gz,JDFB_BK2_13_082825_R2_001_merged.fastq.gz,Water ,1.99,,,Field Blank,1.2,silica gel dessication,13,BK2
,Juan de Fuca North Slope,JDFB_71_092325,Sample,48.265969,-122.840792,9/23/25,Illumina NextSeq 2000,300,Nextera,18S_Euk,GTACACACCGCCCGTC,TGATCCTTCTGCAGGTTCACCTAC,vert12S,TAGAACAGGCTCCTCTAG,TTAGATACCCCACTATGC,12S_MiFish_U,GTCGGTAAAACTCGTGCCAGC,CATAGTGGGGTATCTAATCCCAGTTTG,CO1_Metazoa,GGWACWGGWTGAACWGTWTAYCCYCC,TANACYTCNGGRTGNCCRAARAAYCA,JDFB_71_092325_R1_001_merged.fastq.gz,JDFB_71_092325_R2_001_merged.fastq.gz,Water ,2.24,3,Kelp Forest,3m grab,1.2,silica gel dessication,71,PBN
,Juan de Fuca Shoal,JDFB_72_092325,Sample,48.258661,-122.845483,9/23/25,Illumina NextSeq 2000,300,Nextera,18S_Euk,GTACACACCGCCCGTC,TGATCCTTCTGCAGGTTCACCTAC,vert12S,TAGAACAGGCTCCTCTAG,TTAGATACCCCACTATGC,12S_MiFish_U,GTCGGTAAAACTCGTGCCAGC,CATAGTGGGGTATCTAATCCCAGTTTG,CO1_Metazoa,GGWACWGGWTGAACWGTWTAYCCYCC,TANACYTCNGGRTGNCCRAARAAYCA,JDFB_72_092325_R1_001_merged.fastq.gz,JDFB_72_092325_R2_001_merged.fastq.gz,Water ,2.4,3,Kelp Forest,3m grab,1.2,silica gel dessication,72,PBSH
,Juan de Fuca Pre-Blank,JDFB_BK1_14_092425,Negative control,-,-,9/24/25,Illumina NextSeq 2000,300,Nextera,18S_Euk,GTACACACCGCCCGTC,TGATCCTTCTGCAGGTTCACCTAC,vert12S,TAGAACAGGCTCCTCTAG,TTAGATACCCCACTATGC,12S_MiFish_U,GTCGGTAAAACTCGTGCCAGC,CATAGTGGGGTATCTAATCCCAGTTTG,CO1_Metazoa,GGWACWGGWTGAACWGTWTAYCCYCC,TANACYTCNGGRTGNCCRAARAAYCA,JDFB_BK1_14_092425_R1_001_merged.fastq.gz,JDFB_BK1_14_092425_R2_001_merged.fastq.gz,Water ,2.02,,,Field Blank,1.2,silica gel dessication,14,BK1
,Juan de Fuca Post-Blank,JDFB_BK2_15_092425,Negative control,-,-,9/24/25,Illumina NextSeq 2000,300,Nextera,18S_Euk,GTACACACCGCCCGTC,TGATCCTTCTGCAGGTTCACCTAC,vert12S,TAGAACAGGCTCCTCTAG,TTAGATACCCCACTATGC,12S_MiFish_U,GTCGGTAAAACTCGTGCCAGC,CATAGTGGGGTATCTAATCCCAGTTTG,CO1_Metazoa,GGWACWGGWTGAACWGTWTAYCCYCC,TANACYTCNGGRTGNCCRAARAAYCA,JDFB_BK2_15_092425_R1_001_merged.fastq.gz,JDFB_BK2_15_092425_R2_001_merged.fastq.gz,Water ,2.01,,,Field Blank,1.2,silica gel dessication,15,BK2
,Partridge Bank North Slope,JDFB_73_092425,Sample,48.265969,-122.840792,9/24/25,Illumina NextSeq 2000,300,Nextera,18S_Euk,GTACACACCGCCCGTC,TGATCCTTCTGCAGGTTCACCTAC,vert12S,TAGAACAGGCTCCTCTAG,TTAGATACCCCACTATGC,12S_MiFish_U,GTCGGTAAAACTCGTGCCAGC,CATAGTGGGGTATCTAATCCCAGTTTG,CO1_Metazoa,GGWACWGGWTGAACWGTWTAYCCYCC,TANACYTCNGGRTGNCCRAARAAYCA,JDFB_73_092425_R1_001_merged.fastq.gz,JDFB_73_092425_R2_001_merged.fastq.gz,Water ,2.03,55,Kelp Forest,Rosette Cast,1.2,silica gel dessication,73,PBN
,Partridge Bank North Slope,JDFB_74_092425,Sample,48.265969,-122.840792,9/24/25,Illumina NextSeq 2000,300,Nextera,18S_Euk,GTACACACCGCCCGTC,TGATCCTTCTGCAGGTTCACCTAC,vert12S,TAGAACAGGCTCCTCTAG,TTAGATACCCCACTATGC,12S_MiFish_U,GTCGGTAAAACTCGTGCCAGC,CATAGTGGGGTATCTAATCCCAGTTTG,CO1_Metazoa,GGWACWGGWTGAACWGTWTAYCCYCC,TANACYTCNGGRTGNCCRAARAAYCA,JDFB_74_092425_R1_001_merged.fastq.gz,JDFB_74_092425_R2_001_merged.fastq.gz,Water ,2.35,45,Kelp Forest,Rosette Cast,1.2,silica gel dessication,74,PBN
,Partridge Bank North Slope,JDFB_75_092425,Sample,48.265969,-122.840792,9/24/25,Illumina NextSeq 2000,300,Nextera,18S_Euk,GTACACACCGCCCGTC,TGATCCTTCTGCAGGTTCACCTAC,vert12S,TAGAACAGGCTCCTCTAG,TTAGATACCCCACTATGC,12S_MiFish_U,GTCGGTAAAACTCGTGCCAGC,CATAGTGGGGTATCTAATCCCAGTTTG,CO1_Metazoa,GGWACWGGWTGAACWGTWTAYCCYCC,TANACYTCNGGRTGNCCRAARAAYCA,JDFB_75_092425_R1_001_merged.fastq.gz,JDFB_75_092425_R2_001_merged.fastq.gz,Water ,2.04,35,Kelp Forest,Rosette Cast,1.2,silica gel dessication,75,PBN
,Partridge Bank North Slope,JDFB_76_092425,Sample,48.265969,-122.840792,9/24/25,Illumina NextSeq 2000,300,Nextera,18S_Euk,GTACACACCGCCCGTC,TGATCCTTCTGCAGGTTCACCTAC,vert12S,TAGAACAGGCTCCTCTAG,TTAGATACCCCACTATGC,12S_MiFish_U,GTCGGTAAAACTCGTGCCAGC,CATAGTGGGGTATCTAATCCCAGTTTG,CO1_Metazoa,GGWACWGGWTGAACWGTWTAYCCYCC,TANACYTCNGGRTGNCCRAARAAYCA,JDFB_76_092425_R1_001_merged.fastq.gz,JDFB_76_092425_R2_001_merged.fastq.gz,Water ,2.09,25,Kelp Forest,Rosette Cast,1.2,silica gel dessication,76,PBN
,Partridge Bank North Slope,JDFB_77_092425,Sample,48.265969,-122.840792,9/24/25,Illumina NextSeq 2000,300,Nextera,18S_Euk,GTACACACCGCCCGTC,TGATCCTTCTGCAGGTTCACCTAC,vert12S,TAGAACAGGCTCCTCTAG,TTAGATACCCCACTATGC,12S_MiFish_U,GTCGGTAAAACTCGTGCCAGC,CATAGTGGGGTATCTAATCCCAGTTTG,CO1_Metazoa,GGWACWGGWTGAACWGTWTAYCCYCC,TANACYTCNGGRTGNCCRAARAAYCA,JDFB_77_092425_R1_001_merged.fastq.gz,JDFB_77_092425_R2_001_merged.fastq.gz,Water ,2.01,15,Kelp Forest,Rosette Cast,1.2,silica gel dessication,77,PBN
,Partridge Bank North Slope,JDFB_78_092425,Sample,48.265969,-122.840792,9/24/25,Illumina NextSeq 2000,300,Nextera,18S_Euk,GTACACACCGCCCGTC,TGATCCTTCTGCAGGTTCACCTAC,vert12S,TAGAACAGGCTCCTCTAG,TTAGATACCCCACTATGC,12S_MiFish_U,GTCGGTAAAACTCGTGCCAGC,CATAGTGGGGTATCTAATCCCAGTTTG,CO1_Metazoa,GGWACWGGWTGAACWGTWTAYCCYCC,TANACYTCNGGRTGNCCRAARAAYCA,JDFB_78_092425_R1_001_merged.fastq.gz,JDFB_78_092425_R2_001_merged.fastq.gz,Water ,2.08,3,Kelp Forest,Rosette Cast,1.2,silica gel dessication,78,PBN
,Partidge Bank Deep Water Between Banks,JDFB_79_092525,Sample,48.290067,-122.840278,9/25/25,Illumina NextSeq 2000,300,Nextera,18S_Euk,GTACACACCGCCCGTC,TGATCCTTCTGCAGGTTCACCTAC,vert12S,TAGAACAGGCTCCTCTAG,TTAGATACCCCACTATGC,12S_MiFish_U,GTCGGTAAAACTCGTGCCAGC,CATAGTGGGGTATCTAATCCCAGTTTG,CO1_Metazoa,GGWACWGGWTGAACWGTWTAYCCYCC,TANACYTCNGGRTGNCCRAARAAYCA,JDFB_79_092525_R1_001_merged.fastq.gz,JDFB_79_092525_R2_001_merged.fastq.gz,Water ,1.98,120,Open Water,Rosette Cast,1.2,silica gel dessication,79,DW1
,Partidge Bank Deep Water Between Banks,JDFB_80_092525,Sample,48.290067,-122.840278,9/25/25,Illumina NextSeq 2000,300,Nextera,18S_Euk,GTACACACCGCCCGTC,TGATCCTTCTGCAGGTTCACCTAC,vert12S,TAGAACAGGCTCCTCTAG,TTAGATACCCCACTATGC,12S_MiFish_U,GTCGGTAAAACTCGTGCCAGC,CATAGTGGGGTATCTAATCCCAGTTTG,CO1_Metazoa,GGWACWGGWTGAACWGTWTAYCCYCC,TANACYTCNGGRTGNCCRAARAAYCA,JDFB_80_092525_R1_001_merged.fastq.gz,JDFB_80_092525_R2_001_merged.fastq.gz,Water ,2.07,95,Open Water,Rosette Cast,1.2,silica gel dessication,80,DW1
,Partidge Bank Deep Water Between Banks,JDFB_81_092525,Sample,48.290067,-122.840278,9/25/25,Illumina NextSeq 2000,300,Nextera,18S_Euk,GTACACACCGCCCGTC,TGATCCTTCTGCAGGTTCACCTAC,vert12S,TAGAACAGGCTCCTCTAG,TTAGATACCCCACTATGC,12S_MiFish_U,GTCGGTAAAACTCGTGCCAGC,CATAGTGGGGTATCTAATCCCAGTTTG,CO1_Metazoa,GGWACWGGWTGAACWGTWTAYCCYCC,TANACYTCNGGRTGNCCRAARAAYCA,JDFB_81_092525_R1_001_merged.fastq.gz,JDFB_81_092525_R2_001_merged.fastq.gz,Water ,2.02,70,Open Water,Rosette Cast,1.2,silica gel dessication,81,DW1
,Partidge Bank Deep Water Between Banks,JDFB_82_092525,Sample,48.290067,-122.840278,9/25/25,Illumina NextSeq 2000,300,Nextera,18S_Euk,GTACACACCGCCCGTC,TGATCCTTCTGCAGGTTCACCTAC,vert12S,TAGAACAGGCTCCTCTAG,TTAGATACCCCACTATGC,12S_MiFish_U,GTCGGTAAAACTCGTGCCAGC,CATAGTGGGGTATCTAATCCCAGTTTG,CO1_Metazoa,GGWACWGGWTGAACWGTWTAYCCYCC,TANACYTCNGGRTGNCCRAARAAYCA,JDFB_82_092525_R1_001_merged.fastq.gz,JDFB_82_092525_R2_001_merged.fastq.gz,Water ,2.07,45,Open Water,Rosette Cast,1.2,silica gel dessication,82,DW1
,Partidge Bank Deep Water Between Banks,JDFB_83_092525,Sample,48.290067,-122.840278,9/25/25,Illumina NextSeq 2000,300,Nextera,18S_Euk,GTACACACCGCCCGTC,TGATCCTTCTGCAGGTTCACCTAC,vert12S,TAGAACAGGCTCCTCTAG,TTAGATACCCCACTATGC,12S_MiFish_U,GTCGGTAAAACTCGTGCCAGC,CATAGTGGGGTATCTAATCCCAGTTTG,CO1_Metazoa,GGWACWGGWTGAACWGTWTAYCCYCC,TANACYTCNGGRTGNCCRAARAAYCA,JDFB_83_092525_R1_001_merged.fastq.gz,JDFB_83_092525_R2_001_merged.fastq.gz,Water ,2.06,20,Open Water,Rosette Cast,1.2,silica gel dessication,83,DW1
,Partidge Bank Deep Water Between Banks,JDFB_84_092525,Sample,48.290067,-122.840278,9/25/25,Illumina NextSeq 2000,300,Nextera,18S_Euk,GTACACACCGCCCGTC,TGATCCTTCTGCAGGTTCACCTAC,vert12S,TAGAACAGGCTCCTCTAG,TTAGATACCCCACTATGC,12S_MiFish_U,GTCGGTAAAACTCGTGCCAGC,CATAGTGGGGTATCTAATCCCAGTTTG,CO1_Metazoa,GGWACWGGWTGAACWGTWTAYCCYCC,TANACYTCNGGRTGNCCRAARAAYCA,JDFB_84_092525_R1_001_merged.fastq.gz,JDFB_84_092525_R2_001_merged.fastq.gz,Water ,2.03,3,Open Water,Rosette Cast,1.2,silica gel dessication,84,DW1
,Partridge Bank South Slope,JDFB_85_092525,Sample,48.237678,-122.843642,9/25/25,Illumina NextSeq 2000,300,Nextera,18S_Euk,GTACACACCGCCCGTC,TGATCCTTCTGCAGGTTCACCTAC,vert12S,TAGAACAGGCTCCTCTAG,TTAGATACCCCACTATGC,12S_MiFish_U,GTCGGTAAAACTCGTGCCAGC,CATAGTGGGGTATCTAATCCCAGTTTG,CO1_Metazoa,GGWACWGGWTGAACWGTWTAYCCYCC,TANACYTCNGGRTGNCCRAARAAYCA,JDFB_85_092525_R1_001_merged.fastq.gz,JDFB_85_092525_R2_001_merged.fastq.gz,Water ,2.06,55,Kelp Forest,Rosette Cast,1.2,silica gel dessication,85,PBS
,Partridge Bank South Slope,JDFB_86_092525,Sample,48.237678,-122.843642,9/25/25,Illumina NextSeq 2000,300,Nextera,18S_Euk,GTACACACCGCCCGTC,TGATCCTTCTGCAGGTTCACCTAC,vert12S,TAGAACAGGCTCCTCTAG,TTAGATACCCCACTATGC,12S_MiFish_U,GTCGGTAAAACTCGTGCCAGC,CATAGTGGGGTATCTAATCCCAGTTTG,CO1_Metazoa,GGWACWGGWTGAACWGTWTAYCCYCC,TANACYTCNGGRTGNCCRAARAAYCA,JDFB_86_092525_R1_001_merged.fastq.gz,JDFB_86_092525_R2_001_merged.fastq.gz,Water ,2.05,45,Kelp Forest,Rosette Cast,1.2,silica gel dessication,86,PBS
,Partridge Bank South Slope,JDFB_87_092525,Sample,48.237678,-122.843642,9/25/25,Illumina NextSeq 2000,300,Nextera,18S_Euk,GTACACACCGCCCGTC,TGATCCTTCTGCAGGTTCACCTAC,vert12S,TAGAACAGGCTCCTCTAG,TTAGATACCCCACTATGC,12S_MiFish_U,GTCGGTAAAACTCGTGCCAGC,CATAGTGGGGTATCTAATCCCAGTTTG,CO1_Metazoa,GGWACWGGWTGAACWGTWTAYCCYCC,TANACYTCNGGRTGNCCRAARAAYCA,JDFB_87_092525_R1_001_merged.fastq.gz,JDFB_87_092525_R2_001_merged.fastq.gz,Water ,2,35,Kelp Forest,Rosette Cast,1.2,silica gel dessication,87,PBS
,Partridge Bank South Slope,JDFB_88_092525,Sample,48.237678,-122.843642,9/25/25,Illumina NextSeq 2000,300,Nextera,18S_Euk,GTACACACCGCCCGTC,TGATCCTTCTGCAGGTTCACCTAC,vert12S,TAGAACAGGCTCCTCTAG,TTAGATACCCCACTATGC,12S_MiFish_U,GTCGGTAAAACTCGTGCCAGC,CATAGTGGGGTATCTAATCCCAGTTTG,CO1_Metazoa,GGWACWGGWTGAACWGTWTAYCCYCC,TANACYTCNGGRTGNCCRAARAAYCA,JDFB_88_092525_R1_001_merged.fastq.gz,JDFB_88_092525_R2_001_merged.fastq.gz,Water ,2.03,25,Kelp Forest,Rosette Cast,1.2,silica gel dessication,88,PBS
,Partridge Bank South Slope,JDFB_89_092525,Sample,48.237678,-122.843642,9/25/25,Illumina NextSeq 2000,300,Nextera,18S_Euk,GTACACACCGCCCGTC,TGATCCTTCTGCAGGTTCACCTAC,vert12S,TAGAACAGGCTCCTCTAG,TTAGATACCCCACTATGC,12S_MiFish_U,GTCGGTAAAACTCGTGCCAGC,CATAGTGGGGTATCTAATCCCAGTTTG,CO1_Metazoa,GGWACWGGWTGAACWGTWTAYCCYCC,TANACYTCNGGRTGNCCRAARAAYCA,JDFB_89_092525_R1_001_merged.fastq.gz,JDFB_89_092525_R2_001_merged.fastq.gz,Water ,2.06,15,Kelp Forest,Rosette Cast,1.2,silica gel dessication,89,PBS
,Partridge Bank South Slope,JDFB_90_092525,Sample,48.237678,-122.843642,9/25/25,Illumina NextSeq 2000,300,Nextera,18S_Euk,GTACACACCGCCCGTC,TGATCCTTCTGCAGGTTCACCTAC,vert12S,TAGAACAGGCTCCTCTAG,TTAGATACCCCACTATGC,12S_MiFish_U,GTCGGTAAAACTCGTGCCAGC,CATAGTGGGGTATCTAATCCCAGTTTG,CO1_Metazoa,GGWACWGGWTGAACWGTWTAYCCYCC,TANACYTCNGGRTGNCCRAARAAYCA,JDFB_90_092525_R1_001_merged.fastq.gz,JDFB_90_092525_R2_001_merged.fastq.gz,Water ,2.03,3,Kelp Forest,Rosette Cast,1.2,silica gel dessication,90,PBS
,Juan de Fuca Pre-Blank,JDFB_BK1_16_092525,Negative control,-,-,9/25/25,Illumina NextSeq 2000,300,Nextera,18S_Euk,GTACACACCGCCCGTC,TGATCCTTCTGCAGGTTCACCTAC,vert12S,TAGAACAGGCTCCTCTAG,TTAGATACCCCACTATGC,12S_MiFish_U,GTCGGTAAAACTCGTGCCAGC,CATAGTGGGGTATCTAATCCCAGTTTG,CO1_Metazoa,GGWACWGGWTGAACWGTWTAYCCYCC,TANACYTCNGGRTGNCCRAARAAYCA,JDFB_BK1_16_092525_R1_001_merged.fastq.gz,JDFB_BK1_16_092525_R2_001_merged.fastq.gz,Water ,2.1,,,Field Blank,1.2,silica gel dessication,16,BK1
,Juan de Fuca Post-Blank,JDFB_BK2_17_092525,Negative control,-,-,9/25/25,Illumina NextSeq 2000,300,Nextera,18S_Euk,GTACACACCGCCCGTC,TGATCCTTCTGCAGGTTCACCTAC,vert12S,TAGAACAGGCTCCTCTAG,TTAGATACCCCACTATGC,12S_MiFish_U,GTCGGTAAAACTCGTGCCAGC,CATAGTGGGGTATCTAATCCCAGTTTG,CO1_Metazoa,GGWACWGGWTGAACWGTWTAYCCYCC,TANACYTCNGGRTGNCCRAARAAYCA,JDFB_BK2_17_092525_R1_001_merged.fastq.gz,JDFB_BK2_17_092525_R2_001_merged.fastq.gz,Water ,1.92,,,Field Blank,1.2,silica gel dessication,17,BK2
,Port Townsend Bay,PTBAY_TOW_STBD_8m_092225,Sample,48.136282,-122.72338,9/22/25,Illumina NextSeq 2000,300,Nextera,18S_Euk,GTACACACCGCCCGTC,TGATCCTTCTGCAGGTTCACCTAC,vert12S,TAGAACAGGCTCCTCTAG,TTAGATACCCCACTATGC,12S_MiFish_U,GTCGGTAAAACTCGTGCCAGC,CATAGTGGGGTATCTAATCCCAGTTTG,CO1_Metazoa,GGWACWGGWTGAACWGTWTAYCCYCC,TANACYTCNGGRTGNCCRAARAAYCA,PTBAY_TOW_STBD_8m_092225_R1_001_merged.fastq.gz,PTBAY_TOW_STBD_8m_092225_R2_001_merged.fastq.gz,Water ,,8,Open Water ,"Sequench Tow Fish Prototype, 1190rpms / 6.3 kts SOG / towed for 5 mins",50,silica gel dessication,,
,Port Townsend Bay,PTBAY_TOW_PORT_8m_092225,Sample,48.136282,-122.72338,9/22/25,Illumina NextSeq 2000,300,Nextera,18S_Euk,GTACACACCGCCCGTC,TGATCCTTCTGCAGGTTCACCTAC,vert12S,TAGAACAGGCTCCTCTAG,TTAGATACCCCACTATGC,12S_MiFish_U,GTCGGTAAAACTCGTGCCAGC,CATAGTGGGGTATCTAATCCCAGTTTG,CO1_Metazoa,GGWACWGGWTGAACWGTWTAYCCYCC,TANACYTCNGGRTGNCCRAARAAYCA,PTBAY_TOW_PORT_8m_092225_R1_001_merged.fastq.gz,PTBAY_TOW_PORT_8m_092225_R2_001_merged.fastq.gz,Water ,,8,Open Water ,"Sequench Tow Fish Prototype, 1190rpms / 6.3 kts SOG / towed for 5 mins",50,silica gel dessication,,
,Port Townsend Bay,PTBAY_TOW_BTM_8m_092225,Sample,48.136282,-122.72338,9/22/25,Illumina NextSeq 2000,300,Nextera,18S_Euk,GTACACACCGCCCGTC,TGATCCTTCTGCAGGTTCACCTAC,vert12S,TAGAACAGGCTCCTCTAG,TTAGATACCCCACTATGC,12S_MiFish_U,GTCGGTAAAACTCGTGCCAGC,CATAGTGGGGTATCTAATCCCAGTTTG,CO1_Metazoa,GGWACWGGWTGAACWGTWTAYCCYCC,TANACYTCNGGRTGNCCRAARAAYCA,PTBAY_TOW_BTM_8m_092225_R1_001_merged.fastq.gz,PTBAY_TOW_BTM_8m_092225_R2_001_merged.fastq.gz,Water ,,8,Open Water ,"Sequench Tow Fish Prototype, 1190rpms / 6.3 kts SOG / towed for 5 mins",50,silica gel dessication,,
,Partidge Bank North Slope,PBN_TOW_STBD_3m_092425,Sample,48.282914,-122.865592,9/24/25,Illumina NextSeq 2000,300,Nextera,18S_Euk,GTACACACCGCCCGTC,TGATCCTTCTGCAGGTTCACCTAC,vert12S,TAGAACAGGCTCCTCTAG,TTAGATACCCCACTATGC,12S_MiFish_U,GTCGGTAAAACTCGTGCCAGC,CATAGTGGGGTATCTAATCCCAGTTTG,CO1_Metazoa,GGWACWGGWTGAACWGTWTAYCCYCC,TANACYTCNGGRTGNCCRAARAAYCA,PBN_TOW_STBD_3m_092425_R1_001_merged.fastq.gz,PBN_TOW_STBD_3m_092425_R2_001_merged.fastq.gz,Water ,,3,Open Water ,"Sequench Tow Fish Prototype, 1210 rmps / 6.6 kts SOG / towed for 20 mins",50,silica gel dessication,,
,Partidge Bank North Slope,PBN_TOW_PORT_3m_092425,Sample,48.282914,-122.865592,9/24/25,Illumina NextSeq 2000,300,Nextera,18S_Euk,GTACACACCGCCCGTC,TGATCCTTCTGCAGGTTCACCTAC,vert12S,TAGAACAGGCTCCTCTAG,TTAGATACCCCACTATGC,12S_MiFish_U,GTCGGTAAAACTCGTGCCAGC,CATAGTGGGGTATCTAATCCCAGTTTG,CO1_Metazoa,GGWACWGGWTGAACWGTWTAYCCYCC,TANACYTCNGGRTGNCCRAARAAYCA,PBN_TOW_PORT_3m_092425_R1_001_merged.fastq.gz,PBN_TOW_PORT_3m_092425_R2_001_merged.fastq.gz,Water ,,3,Open Water ,"Sequench Tow Fish Prototype, 1210 rmps / 6.6 kts SOG / towed for 20 mins",50,silica gel dessication,,
,Partidge Bank North Slope,PBN_TOW_BTM_3m_092425,Sample,48.282914,-122.865592,9/24/25,Illumina NextSeq 2000,300,Nextera,18S_Euk,GTACACACCGCCCGTC,TGATCCTTCTGCAGGTTCACCTAC,vert12S,TAGAACAGGCTCCTCTAG,TTAGATACCCCACTATGC,12S_MiFish_U,GTCGGTAAAACTCGTGCCAGC,CATAGTGGGGTATCTAATCCCAGTTTG,CO1_Metazoa,GGWACWGGWTGAACWGTWTAYCCYCC,TANACYTCNGGRTGNCCRAARAAYCA,PBN_TOW_BTM_3m_092425_R1_001_merged.fastq.gz,PBN_TOW_BTM_3m_092425_R2_001_merged.fastq.gz,Water ,,3,Open Water ,"Sequench Tow Fish Prototype, 1210 rmps / 6.6 kts SOG / towed for 20 mins",50,silica gel dessication,,
,Partidge Bank North Slope,PBN_TOW_STBD_15m_092425,Sample,48.259936,-122.822647,9/24/25,Illumina NextSeq 2000,300,Nextera,18S_Euk,GTACACACCGCCCGTC,TGATCCTTCTGCAGGTTCACCTAC,vert12S,TAGAACAGGCTCCTCTAG,TTAGATACCCCACTATGC,12S_MiFish_U,GTCGGTAAAACTCGTGCCAGC,CATAGTGGGGTATCTAATCCCAGTTTG,CO1_Metazoa,GGWACWGGWTGAACWGTWTAYCCYCC,TANACYTCNGGRTGNCCRAARAAYCA,PBN_TOW_STBD_15m_092425_R1_001_merged.fastq.gz,PBN_TOW_STBD_15m_092425_R2_001_merged.fastq.gz,Water ,,15,Open Water ,"Sequench Tow Fish Prototype, 1210rmps / 6.7 kts SOG / towed for 20 mins",50,silica gel dessication,,
,Partidge Bank North Slope,PBN_TOW_PORT_15m_092425,Sample,48.259936,-122.822647,9/24/25,Illumina NextSeq 2000,300,Nextera,18S_Euk,GTACACACCGCCCGTC,TGATCCTTCTGCAGGTTCACCTAC,vert12S,TAGAACAGGCTCCTCTAG,TTAGATACCCCACTATGC,12S_MiFish_U,GTCGGTAAAACTCGTGCCAGC,CATAGTGGGGTATCTAATCCCAGTTTG,CO1_Metazoa,GGWACWGGWTGAACWGTWTAYCCYCC,TANACYTCNGGRTGNCCRAARAAYCA,PBN_TOW_PORT_15m_092425_R1_001_merged.fastq.gz,PBN_TOW_PORT_15m_092425_R2_001_merged.fastq.gz,Water ,,15,Open Water ,"Sequench Tow Fish Prototype, 1210rmps / 6.7 kts SOG / towed for 20 mins",50,silica gel dessication,,
,Partidge Bank North Slope,PBN_TOW_BTM_15m_092425,Sample,48.259936,-122.822647,9/24/25,Illumina NextSeq 2000,300,Nextera,18S_Euk,GTACACACCGCCCGTC,TGATCCTTCTGCAGGTTCACCTAC,vert12S,TAGAACAGGCTCCTCTAG,TTAGATACCCCACTATGC,12S_MiFish_U,GTCGGTAAAACTCGTGCCAGC,CATAGTGGGGTATCTAATCCCAGTTTG,CO1_Metazoa,GGWACWGGWTGAACWGTWTAYCCYCC,TANACYTCNGGRTGNCCRAARAAYCA,PBN_TOW_BTM_15m_092425_R1_001_merged.fastq.gz,PBN_TOW_BTM_15m_092425_R2_001_merged.fastq.gz,Water ,,15,Open Water ,"Sequench Tow Fish Prototype, 1210rmps / 6.7 kts SOG / towed for 20 mins",50,silica gel dessication,,
,Extraction Blank,PG_ext_blank_1,Negative control,,,,Illumina NextSeq 2000,300,Nextera,18S_Euk,GTACACACCGCCCGTC,TGATCCTTCTGCAGGTTCACCTAC,vert12S,TAGAACAGGCTCCTCTAG,TTAGATACCCCACTATGC,12S_MiFish_U,GTCGGTAAAACTCGTGCCAGC,CATAGTGGGGTATCTAATCCCAGTTTG,CO1_Metazoa,GGWACWGGWTGAACWGTWTAYCCYCC,TANACYTCNGGRTGNCCRAARAAYCA,PG_ext_blank_1_R1_001_merged.fastq.gz,PG_ext_blank_1_R2_001_merged.fastq.gz,,,,,,,,,
,Extraction Blank,PG_ext_blank_2,Negative control,,,,Illumina NextSeq 2000,300,Nextera,18S_Euk,GTACACACCGCCCGTC,TGATCCTTCTGCAGGTTCACCTAC,vert12S,TAGAACAGGCTCCTCTAG,TTAGATACCCCACTATGC,12S_MiFish_U,GTCGGTAAAACTCGTGCCAGC,CATAGTGGGGTATCTAATCCCAGTTTG,CO1_Metazoa,GGWACWGGWTGAACWGTWTAYCCYCC,TANACYTCNGGRTGNCCRAARAAYCA,PG_ext_blank_2_R1_001_merged.fastq.gz,PG_ext_blank_2_R2_001_merged.fastq.gz,,,,,,,,,
,PCR Lab Blank,PG_PCR_Blank_2,Negative control,,,,Illumina NextSeq 2000,300,Nextera,18S_Euk,GTACACACCGCCCGTC,TGATCCTTCTGCAGGTTCACCTAC,vert12S,TAGAACAGGCTCCTCTAG,TTAGATACCCCACTATGC,12S_MiFish_U,GTCGGTAAAACTCGTGCCAGC,CATAGTGGGGTATCTAATCCCAGTTTG,CO1_Metazoa,GGWACWGGWTGAACWGTWTAYCCYCC,TANACYTCNGGRTGNCCRAARAAYCA,PG_PCR_Blank_2_R1_001_merged.fastq.gz,PG_PCR_Blank_2_R2_001_merged.fastq.gz,,,,,,,,,
